Date,Process CPU usage,Process memory usage,Request count,Response time
2022-10-22 13:00,3.77,5.43,367e3,772
2022-10-22 14:00,3.83,4.90,399e3,718
2022-10-22 15:00,3.75,5.18,370e3,782
2022-10-22 16:00,3.57,5.10,382e3,730
2022-10-22 17:00,3.66,5.33,364e3,799
2022-10-22 18:00,3.67,5.23,381e3,740
2022-10-22 19:00,3.66,5.30,370e3,768
2022-10-22 20:00,4.25,4.76,389e3,741
2022-10-22 21:00,3.76,5.16,372e3,767
2022-10-22 22:00,3.80,4.90,405e3,699
2022-10-22 23:00,4.19,5.26,437e3,656
2022-10-23 00:00,4.54,4.80,386e3,743
2022-10-23 01:00,3.81,5.33,465e3,621
2022-10-23 02:00,3.88,5.08,497e3,572
2022-10-23 03:00,4.22,5.25,374e3,778
2022-10-23 04:00,3.90,5.05,393e3,726
2022-10-23 05:00,4.08,5.65,362e3,802
2022-10-23 06:00,3.41,5.30,366e3,811
2022-10-23 07:00,3.75,5.45,355e3,869
2022-10-23 08:00,3.95,4.91,380e3,798
2022-10-23 09:00,3.83,5.34,356e3,841
2022-10-23 10:00,3.53,5.17,376e3,792
2022-10-23 11:00,3.92,5.44,376e3,801
2022-10-23 12:00,3.85,5.08,378e3,776
2022-10-23 13:00,3.73,5.38,355e3,831
2022-10-23 14:00,3.38,5.17,394e3,750
2022-10-23 15:00,3.73,5.38,383e3,781
2022-10-23 16:00,3.38,5.03,385e3,764
2022-10-23 17:00,3.59,5.09,365e3,825
2022-10-23 18:00,3.37,4.90,369e3,807
2022-10-23 19:00,3.50,5.16,378e3,786
2022-10-23 20:00,4.02,4.76,365e3,824
2022-10-23 21:00,3.72,5.29,373e3,813
2022-10-23 22:00,4.07,5.07,399e3,779
2022-10-23 23:00,4.40,5.44,439e3,696
2022-10-24 00:00,4.68,4.79,423e3,728
2022-10-24 01:00,4.03,5.33,476e3,656
2022-10-24 02:00,4.03,5.17,498e3,603
2022-10-24 03:00,4.04,5.33,397e3,762
2022-10-24 04:00,4.10,5.38,409e3,738
2022-10-24 05:00,4.88,6.05,416e3,801
2022-10-24 06:00,4.97,5.73,449e3,750
2022-10-24 07:00,5.24,6.00,453e3,766
2022-10-24 08:00,5.79,5.78,470e3,707
2022-10-24 09:00,6.72,6.54,510e3,731
2022-10-24 10:00,7.45,6.24,594e3,732
2022-10-24 11:00,7.96,6.75,654e3,695
2022-10-24 12:00,7.44,6.69,644e3,734
2022-10-24 13:00,6.79,6.21,521e3,816
2022-10-24 14:00,6.16,6.39,536e3,691
2022-10-24 15:00,6.01,6.43,556e3,768
2022-10-24 16:00,5.60,6.06,565e3,685
2022-10-24 17:00,5.72,6.15,535e3,705
2022-10-24 18:00,5.30,5.90,512e3,702
2022-10-24 19:00,5.28,6.33,454e3,799
2022-10-24 20:00,5.32,5.51,418e3,759
2022-10-24 21:00,4.48,5.56,380e3,761
2022-10-24 22:00,4.37,5.38,397e3,702
2022-10-24 23:00,4.96,5.91,455e3,649
2022-10-25 00:00,5.57,5.56,486e3,627
2022-10-25 01:00,7.06,5.89,609e3,523
2022-10-25 02:00,10.13,6.56,810e3,412
2022-10-25 03:00,11.34,6.96,869e3,471
2022-10-25 04:00,11.12,6.80,829e3,476
2022-10-25 05:00,10.83,7.07,757e3,620
2022-10-25 06:00,10.83,6.96,727e3,581
2022-10-25 07:00,11.44,6.87,742e3,637
2022-10-25 08:00,10.29,6.79,753e3,541
2022-10-25 09:00,10.55,6.88,809e3,693
2022-10-25 10:00,12.80,4.76,891e3,756
2022-10-25 11:00,11.50,4.78,844e3,680
2022-10-25 12:00,11.02,4.90,843e3,652
2022-10-25 13:00,8.69,4.97,676e3,706
2022-10-25 14:00,7.89,4.75,656e3,574
2022-10-25 15:00,7.82,5.59,587e3,676
2022-10-25 16:00,7.33,5.42,600e3,619
2022-10-25 17:00,7.33,5.27,545e3,715
2022-10-25 18:00,6.05,5.14,521e3,638
2022-10-25 19:00,4.98,4.89,465e3,686
2022-10-25 20:00,4.72,4.27,405e3,701
2022-10-25 21:00,4.05,4.84,382e3,685
2022-10-25 22:00,4.64,4.43,423e3,616
2022-10-25 23:00,4.95,4.81,455e3,580
2022-10-26 00:00,5.68,4.36,451e3,584
2022-10-26 01:00,5.22,5.09,501e3,571
2022-10-26 02:00,8.90,5.34,736e3,402
2022-10-26 03:00,12.06,5.57,896e3,363
2022-10-26 04:00,11.28,5.60,920e3,368
2022-10-26 05:00,9.75,5.55,804e3,416
2022-10-26 06:00,9.65,5.44,789e3,427
2022-10-26 07:00,10.67,5.46,813e3,454
2022-10-26 08:00,11.85,5.43,853e3,497
2022-10-26 09:00,12.47,5.70,843e3,516
2022-10-26 10:00,13.91,6.30,896e3,578
2022-10-26 11:00,14.28,6.23,916e3,609
2022-10-26 12:00,12.41,6.20,784e3,657
2022-10-26 13:00,9.12,5.97,637e3,651
2022-10-26 14:00,8.96,5.80,565e3,710
2022-10-26 15:00,8.15,5.83,558e3,785
2022-10-26 16:00,8.94,5.51,595e3,642
2022-10-26 17:00,7.57,5.50,555e3,746
2022-10-26 18:00,6.38,5.16,479e3,748
2022-10-26 19:00,6.58,5.23,452e3,717
2022-10-26 20:00,5.88,4.85,421e3,687
2022-10-26 21:00,5.53,4.99,400e3,716
2022-10-26 22:00,5.59,4.84,409e3,721
2022-10-26 23:00,6.08,5.12,471e3,638
2022-10-27 00:00,7.39,4.99,452e3,639
2022-10-27 01:00,7.32,5.41,582e3,518
2022-10-27 02:00,9.58,5.99,773e3,428
2022-10-27 03:00,12.12,6.16,780e3,509
2022-10-27 04:00,13.26,6.19,785e3,489
2022-10-27 05:00,10.92,6.31,698e3,549
2022-10-27 06:00,11.03,5.97,652e3,624
2022-10-27 07:00,11.36,6.39,680e3,604
2022-10-27 08:00,12.36,6.31,712e3,577
2022-10-27 09:00,12.55,6.55,775e3,628
2022-10-27 10:00,13.13,6.42,835e3,627
2022-10-27 11:00,12.95,6.89,789e3,802
2022-10-27 12:00,11.83,6.83,739e3,700
2022-10-27 13:00,9.56,6.77,604e3,759
2022-10-27 14:00,7.99,6.44,574e3,670
2022-10-27 15:00,8.36,6.57,554e3,812
2022-10-27 16:00,8.21,6.30,549e3,722
2022-10-27 17:00,8.16,6.23,491e3,852
2022-10-27 18:00,7.70,6.05,469e3,746
2022-10-27 19:00,6.34,5.77,419e3,841
2022-10-27 20:00,6.42,5.26,404e3,821
2022-10-27 21:00,5.78,5.29,375e3,785
2022-10-27 22:00,5.95,5.08,410e3,690
2022-10-27 23:00,5.90,5.46,465e3,647
2022-10-28 00:00,7.68,5.18,485e3,614
2022-10-28 01:00,7.03,5.68,562e3,545
2022-10-28 02:00,9.73,6.26,780e3,413
2022-10-28 03:00,11.70,6.51,786e3,473
2022-10-28 04:00,11.41,6.33,795e3,460
2022-10-28 05:00,11.04,5.99,689e3,529
2022-10-28 06:00,10.63,5.91,703e3,528
2022-10-28 07:00,9.79,6.28,711e3,540
2022-10-28 08:00,10.60,6.14,746e3,537
2022-10-28 09:00,11.33,6.61,774e3,542
2022-10-28 10:00,12.76,7.08,835e3,559
2022-10-28 11:00,11.76,6.86,783e3,634
2022-10-28 12:00,11.28,6.75,718e3,631
2022-10-28 13:00,9.36,6.50,573e3,676
2022-10-28 14:00,8.12,6.30,588e3,588
2022-10-28 15:00,7.79,6.33,559e3,685
2022-10-28 16:00,7.92,6.59,535e3,697
2022-10-28 17:00,7.07,6.56,495e3,694
2022-10-28 18:00,6.75,6.06,480e3,648
2022-10-28 19:00,7.57,5.91,402e3,794
2022-10-28 20:00,7.77,5.46,406e3,781
2022-10-28 21:00,5.43,5.42,373e3,776
2022-10-28 22:00,5.84,5.18,397e3,700
2022-10-28 23:00,5.29,5.30,438e3,642
2022-10-29 00:00,5.69,5.34,409e3,695
2022-10-29 01:00,5.61,5.41,476e3,565
2022-10-29 02:00,5.49,5.36,513e3,537
2022-10-29 03:00,4.46,5.69,341e3,803
2022-10-29 04:00,4.86,5.18,273e3,970
2022-10-29 05:00,4.25,5.59,141e3,1.87e3
2022-10-29 06:00,3.55,5.24,147e3,1.8e3
2022-10-29 07:00,4.08,5.59,147e3,1.88e3
2022-10-29 08:00,5.13,5.10,151e3,1.83e3
2022-10-29 09:00,4.23,5.38,139e3,1.98e3
2022-10-29 10:00,3.57,5.26,153e3,1.73e3
2022-10-29 11:00,4.10,5.49,146e3,1.83e3
2022-10-29 12:00,3.91,5.09,147e3,1.81e3
2022-10-29 13:00,4.19,5.48,135e3,2.02e3
2022-10-29 14:00,3.98,5.12,162e3,1.71e3
2022-10-29 15:00,4.32,5.23,149e3,1.85e3
2022-10-29 16:00,3.48,5.22,142e3,1.9e3
2022-10-29 17:00,3.55,5.24,119e3,2.26e3
2022-10-29 18:00,4.43,5.22,125e3,2.06e3
2022-10-29 19:00,4.29,5.39,131e3,2e3
2022-10-29 20:00,4.75,5.12,143e3,1.9e3
2022-10-29 21:00,4.04,5.45,138e3,2e3
2022-10-29 22:00,4.39,5.23,163e3,1.7e3
2022-10-29 23:00,4.84,5.30,203e3,1.39e3
2022-10-30 00:00,4.83,5.11,156e3,1.71e3
2022-10-30 01:00,4.28,5.38,250e3,1.04e3
2022-10-30 02:00,3.53,5.34,254e3,1.01e3
2022-10-30 03:00,4.02,5.54,146e3,1.84e3
2022-10-30 04:00,3.72,5.11,152e3,1.74e3
2022-10-30 05:00,4.06,5.52,129e3,2.13e3
2022-10-30 06:00,3.96,5.21,149e3,1.85e3
2022-10-30 07:00,4.17,5.59,145e3,1.93e3
2022-10-30 08:00,5.12,5.15,154e3,1.88e3
2022-10-30 09:00,3.94,5.44,135e3,2.1e3
2022-10-30 10:00,4.17,5.13,152e3,1.85e3
2022-10-30 11:00,3.83,5.54,153e3,1.95e3
2022-10-30 12:00,3.98,5.24,157e3,1.82e3
2022-10-30 13:00,3.97,5.49,146e3,2.02e3
2022-10-30 14:00,4.32,5.61,172e3,1.68e3
2022-10-30 15:00,4.25,5.46,149e3,1.88e3
2022-10-30 16:00,4.12,5.07,157e3,1.81e3
2022-10-30 17:00,3.86,5.30,132e3,2.15e3
2022-10-30 18:00,3.68,5.15,130e3,2.08e3
2022-10-30 19:00,4.36,5.50,135e3,2.08e3
2022-10-30 20:00,4.92,4.97,141e3,2.01e3
2022-10-30 21:00,3.90,5.35,137e3,2.07e3
2022-10-30 22:00,4.73,5.31,176e3,1.6e3
2022-10-30 23:00,4.70,5.71,239e3,1.2e3
2022-10-31 00:00,5.77,5.62,248e3,1.13e3
2022-10-31 01:00,7.13,6.10,381e3,794
2022-10-31 02:00,10.34,6.68,588e3,583
2022-10-31 03:00,11.63,6.68,643e3,655
2022-10-31 04:00,11.90,6.51,637e3,678
2022-10-31 05:00,10.96,6.25,571e3,756
2022-10-31 06:00,10.14,6.05,540e3,704
2022-10-31 07:00,10.14,6.64,563e3,754
2022-10-31 08:00,9.87,6.53,541e3,754
2022-10-31 09:00,10.62,6.97,596e3,748
2022-10-31 10:00,11.36,7.23,739e3,734
2022-10-31 11:00,11.65,7.31,683e3,832
2022-10-31 12:00,12.66,7.75,651e3,855
2022-10-31 13:00,10.86,7.27,534e3,891
2022-10-31 14:00,7.96,7.09,465e3,847
2022-10-31 15:00,7.44,7.18,433e3,1.01e3
2022-10-31 16:00,8.49,7.33,439e3,959
2022-10-31 17:00,7.88,6.97,385e3,1.1e3
2022-10-31 18:00,6.40,6.87,302e3,1.25e3
2022-10-31 19:00,5.67,6.91,242e3,1.33e3
2022-10-31 20:00,5.27,6.16,209e3,1.41e3
2022-10-31 21:00,4.82,5.86,167e3,1.76e3
2022-10-31 22:00,4.52,5.83,194e3,1.44e3
2022-10-31 23:00,4.89,6.23,239e3,1.21e3
2022-11-01 00:00,5.99,5.94,249e3,1.18e3
2022-11-01 01:00,5.09,6.21,320e3,908
2022-11-01 02:00,7.03,6.43,395e3,786
2022-11-01 03:00,6.97,6.64,352e3,929
2022-11-01 04:00,7.62,6.35,357e3,963
2022-11-01 05:00,8.15,6.32,329e3,990
2022-11-01 06:00,6.27,6.21,342e3,947
2022-11-01 07:00,6.90,6.54,338e3,1.01e3
2022-11-01 08:00,8.36,6.25,357e3,952
2022-11-01 09:00,9.76,7.65,488e3,827
2022-11-01 10:00,10.80,7.51,536e3,877
2022-11-01 11:00,10.02,7.42,587e3,900
2022-11-01 12:00,10.43,7.28,549e3,876
2022-11-01 13:00,8.63,7.53,450e3,930
2022-11-01 14:00,7.90,7.50,457e3,859
2022-11-01 15:00,8.73,7.58,516e3,814
2022-11-01 16:00,10.20,7.19,545e3,801
2022-11-01 17:00,7.96,7.06,375e3,1.08e3
2022-11-01 18:00,7.49,6.74,374e3,970
2022-11-01 19:00,6.83,6.84,301e3,1.14e3
2022-11-01 20:00,6.62,6.37,249e3,1.29e3
2022-11-01 21:00,4.65,6.34,179e3,1.63e3
2022-11-01 22:00,4.72,6.25,215e3,1.27e3
2022-11-01 23:00,5.65,6.95,305e3,972
2022-11-02 00:00,6.98,6.46,366e3,954
2022-11-02 01:00,7.08,7.08,470e3,673
2022-11-02 02:00,12.44,7.69,774e3,477
2022-11-02 03:00,17.12,7.77,984e3,534
2022-11-02 04:00,15.53,7.57,928e3,540
2022-11-02 05:00,12.40,8.16,556e3,763
2022-11-02 06:00,11.00,7.48,668e3,624
2022-11-02 07:00,13.70,7.44,797e3,627
2022-11-02 08:00,12.64,7.79,715e3,704
2022-11-02 09:00,14.43,7.46,774e3,712
2022-11-02 10:00,15.09,7.27,920e3,586
2022-11-02 11:00,13.91,7.38,879e3,617
2022-11-02 12:00,11.00,7.35,650e3,728
2022-11-02 13:00,11.06,7.33,514e3,814
2022-11-02 14:00,8.34,6.92,414e3,901
2022-11-02 15:00,7.97,6.64,376e3,946
2022-11-02 16:00,7.41,6.72,342e3,987
2022-11-02 17:00,6.47,6.58,281e3,1.19e3
2022-11-02 18:00,5.73,6.51,276e3,1.16e3
2022-11-02 19:00,5.49,6.33,237e3,1.28e3
2022-11-02 20:00,5.46,6.13,218e3,1.32e3
2022-11-02 21:00,6.20,6.16,241e3,1.25e3
2022-11-02 22:00,5.84,6.36,210e3,1.41e3
2022-11-02 23:00,5.29,6.44,262e3,1.15e3
2022-11-03 00:00,5.55,6.43,290e3,1.01e3
2022-11-03 01:00,7.75,7.12,302e3,1.01e3
2022-11-03 02:00,9.13,7.48,541e3,656
2022-11-03 03:00,12.17,7.89,733e3,590
2022-11-03 04:00,12.58,7.66,659e3,717
2022-11-03 05:00,10.71,7.51,548e3,841
2022-11-03 06:00,8.12,7.28,514e3,870
2022-11-03 07:00,10.35,7.40,552e3,848
2022-11-03 08:00,10.09,7.34,569e3,883
2022-11-03 09:00,13.36,7.56,637e3,984
2022-11-03 10:00,15.15,7.79,717e3,942
2022-11-03 11:00,14.22,7.94,746e3,929
2022-11-03 12:00,12.51,8.01,672e3,899
2022-11-03 13:00,10.50,8.03,466e3,1.07e3
2022-11-03 14:00,8.79,8.00,441e3,1.04e3
2022-11-03 15:00,8.09,8.00,432e3,1.17e3
2022-11-03 16:00,8.01,7.45,402e3,1.15e3
2022-11-03 17:00,7.87,7.37,396e3,1.13e3
2022-11-03 18:00,7.11,6.82,336e3,1.23e3
2022-11-03 19:00,6.05,6.84,257e3,1.48e3
2022-11-03 20:00,5.93,6.31,208e3,1.67e3
2022-11-03 21:00,4.88,6.35,211e3,1.54e3
2022-11-03 22:00,5.28,6.28,228e3,1.4e3
2022-11-03 23:00,4.92,6.63,261e3,1.28e3
2022-11-04 00:00,5.51,5.73,261e3,1.25e3
2022-11-04 01:00,6.63,5.80,367e3,933
2022-11-04 02:00,9.79,6.36,547e3,673
2022-11-04 03:00,13.20,6.86,605e3,726
2022-11-04 04:00,11.54,6.62,608e3,681
2022-11-04 05:00,10.23,6.49,473e3,870
2022-11-04 06:00,9.20,6.59,467e3,903
2022-11-04 07:00,9.19,6.81,486e3,917
2022-11-04 08:00,9.31,6.73,528e3,885
2022-11-04 09:00,10.94,7.03,714e3,680
2022-11-04 10:00,11.28,6.91,857e3,651
2022-11-04 11:00,12.40,7.43,946e3,643
2022-11-04 12:00,11.35,7.49,766e3,715
2022-11-04 13:00,7.88,7.05,402e3,1.27e3
2022-11-04 14:00,7.03,7.29,343e3,1.29e3
2022-11-04 15:00,7.04,7.29,327e3,1.47e3
2022-11-04 16:00,5.07,7.40,224e3,1.89e3
2022-11-04 17:00,5.69,7.13,168e3,2.5e3
2022-11-04 18:00,4.88,6.66,142e3,2.71e3
2022-11-04 19:00,3.98,6.46,84.6e3,4.01e3
2022-11-04 20:00,3.90,5.82,64.3e3,5.38e3
2022-11-04 21:00,3.90,6.19,47.4e3,7e3
2022-11-04 22:00,3.91,5.89,65.5e3,4.98e3
2022-11-04 23:00,4.11,6.03,92.3e3,3.55e3
2022-11-05 00:00,4.54,5.51,105e3,3.05e3
2022-11-05 01:00,3.71,5.69,141e3,2.25e3
2022-11-05 02:00,4.09,5.68,166e3,1.89e3
2022-11-05 03:00,4.20,5.91,41.5e3,7.61e3
2022-11-05 04:00,4.59,5.68,61e3,5.06e3
2022-11-05 05:00,3.65,6.24,48.5e3,6.6e3
2022-11-05 06:00,3.78,5.98,34.2e3,9.06e3
2022-11-05 07:00,3.41,6.06,43.9e3,6.85e3
2022-11-05 08:00,4.71,5.54,60.8e3,5.17e3
2022-11-05 09:00,3.76,6.09,45.4e3,6.95e3
2022-11-05 10:00,4.25,5.91,58.9e3,5.5e3
2022-11-05 11:00,3.70,6.31,54.9e3,5.89e3
2022-11-05 12:00,4.38,5.75,59.1e3,5.38e3
2022-11-05 13:00,4.18,6.05,46.5e3,6.78e3
2022-11-05 14:00,4.17,5.77,63.8e3,4.87e3
2022-11-05 15:00,3.40,6.05,60.4e3,5.3e3
2022-11-05 16:00,3.95,5.70,61.2e3,5.2e3
2022-11-05 17:00,3.56,5.89,36.5e3,8.51e3
2022-11-05 18:00,3.78,5.72,46.7e3,6.59e3
2022-11-05 19:00,3.72,5.92,52.9e3,5.97e3
2022-11-05 20:00,3.95,5.56,53.4e3,5.88e3
2022-11-05 21:00,3.48,6.02,52.5e3,6.01e3
2022-11-05 22:00,3.63,5.67,72.7e3,4.24e3
2022-11-05 23:00,4.55,5.99,132e3,2.43e3
2022-11-06 00:00,4.97,5.55,66.7e3,4.69e3
2022-11-06 01:00,3.83,5.99,155e3,2.02e3
2022-11-06 02:00,3.47,5.79,164e3,1.86e3
2022-11-06 03:00,3.86,6.07,55.9e3,5.54e3
2022-11-06 04:00,2.84,5.49,63.8e3,4.33e3
2022-11-06 05:00,1.95,4.46,47.6e3,4.45e3
2022-11-06 06:00,3.32,4.97,61.2e3,4.12e3
2022-11-06 07:00,3.48,4.53,53.2e3,4.74e3
2022-11-06 08:00,3.70,4.87,56.2e3,4.44e3
2022-11-06 09:00,4.10,4.46,45.7e3,6.36e3
2022-11-06 10:00,3.25,4.79,53.5e3,4.22e3
2022-11-06 11:00,3.26,4.68,61.4e3,2.84e3
2022-11-06 12:00,4.28,4.80,62e3,2.85e3
2022-11-06 13:00,3.41,4.67,58.2e3,2.77e3
2022-11-06 14:00,3.47,4.68,61.6e3,2.66e3
2022-11-06 15:00,3.52,4.91,63.8e3,2.62e3
2022-11-06 16:00,3.28,4.91,57.5e3,2.98e3
2022-11-06 17:00,2.98,4.87,31.3e3,5.47e3
2022-11-06 18:00,1.78,4.49,44e3,4.47e3
2022-11-06 19:00,1.59,3.65,42.1e3,5.34e3
2022-11-06 20:00,1.77,3.85,47.4e3,4.87e3
2022-11-06 21:00,2.15,3.40,44.9e3,5.14e3
2022-11-06 22:00,2.67,4.00,91.3e3,2.56e3
2022-11-06 23:00,4.07,4.06,182e3,1.34e3
2022-11-07 00:00,3.62,4.41,185e3,1.42e3
2022-11-07 01:00,5.64,4.41,142e3,1.92e3
2022-11-07 02:00,9.04,5.20,422e3,710
2022-11-07 03:00,9.93,5.53,520e3,649
2022-11-07 04:00,10.64,5.59,615e3,617
2022-11-07 05:00,11.18,5.18,586e3,599
2022-11-07 06:00,9.85,5.13,563e3,702
2022-11-07 07:00,9.22,5.18,569e3,733
2022-11-07 08:00,9.76,5.38,582e3,737
2022-11-07 09:00,10.92,5.79,616e3,830
2022-11-07 10:00,11.36,5.87,712e3,807
2022-11-07 11:00,12.14,5.79,723e3,845
2022-11-07 12:00,11.32,5.91,640e3,1.02e3
2022-11-07 13:00,11.98,6.50,557e3,1.12e3
2022-11-07 14:00,9.58,6.14,485e3,1.08e3
2022-11-07 15:00,9.07,6.05,432e3,1.15e3
2022-11-07 16:00,7.88,5.75,405e3,1.19e3
2022-11-07 17:00,6.99,5.64,386e3,1.18e3
2022-11-07 18:00,5.90,5.54,322e3,1.29e3
2022-11-07 19:00,5.69,5.35,293e3,1.32e3
2022-11-07 20:00,5.47,5.30,228e3,1.59e3
2022-11-07 21:00,5.02,4.78,222e3,1.64e3
2022-11-07 22:00,4.76,5.16,227e3,1.53e3
2022-11-07 23:00,4.45,5.44,284e3,1.26e3
2022-11-08 00:00,5.60,5.32,345e3,1.04e3
2022-11-08 01:00,6.09,5.18,305e3,1.24e3
2022-11-08 02:00,8.70,5.95,555e3,771
2022-11-08 03:00,11.60,6.19,615e3,831
2022-11-08 04:00,10.90,5.88,683e3,705
2022-11-08 05:00,9.77,5.79,486e3,898
2022-11-08 06:00,7.96,6.07,449e3,1.01e3
2022-11-08 07:00,9.48,5.99,564e3,887
2022-11-08 08:00,9.70,6.02,528e3,978
2022-11-08 09:00,11.08,6.21,596e3,992
2022-11-08 10:00,11.96,6.82,701e3,897
2022-11-08 11:00,11.32,6.86,674e3,990
2022-11-08 12:00,11.87,6.54,651e3,928
2022-11-08 13:00,9.39,6.33,535e3,999
2022-11-08 14:00,9.14,6.26,489e3,1.03e3
2022-11-08 15:00,7.93,6.07,472e3,1.18e3
2022-11-08 16:00,7.74,6.47,424e3,1.16e3
2022-11-08 17:00,6.81,6.52,390e3,1.2e3
2022-11-08 18:00,6.27,6.44,327e3,1.43e3
2022-11-08 19:00,5.88,5.74,291e3,1.52e3
2022-11-08 20:00,4.54,5.59,220e3,1.61e3
2022-11-08 21:00,4.44,5.18,186e3,1.94e3
2022-11-08 22:00,4.68,5.41,202e3,1.73e3
2022-11-08 23:00,5.22,5.55,292e3,1.21e3
2022-11-09 00:00,5.09,6.02,332e3,1.07e3
2022-11-09 01:00,5.84,5.86,259e3,1.41e3
2022-11-09 02:00,8.38,6.46,512e3,751
2022-11-09 03:00,9.57,6.67,616e3,723
2022-11-09 04:00,10.73,6.49,626e3,753
2022-11-09 05:00,8.49,6.13,456e3,1.04e3
2022-11-09 06:00,9.04,6.07,474e3,961
2022-11-09 07:00,9.85,6.15,523e3,909
2022-11-09 08:00,9.80,6.09,538e3,898
2022-11-09 09:00,8.71,6.50,570e3,803
2022-11-09 10:00,9.85,6.56,605e3,865
2022-11-09 11:00,9.70,6.64,617e3,803
2022-11-09 12:00,9.39,6.68,549e3,1.03e3
2022-11-09 13:00,8.31,6.32,472e3,1.1e3
2022-11-09 14:00,7.94,6.54,390e3,1.18e3
2022-11-09 15:00,7.72,6.05,441e3,997
2022-11-09 16:00,5.64,6.26,379e3,1.14e3
2022-11-09 17:00,6.49,6.15,349e3,1.2e3
2022-11-09 18:00,4.98,6.62,258e3,1.58e3
2022-11-09 19:00,5.40,6.14,219e3,1.68e3
2022-11-09 20:00,4.01,6.04,199e3,1.86e3
2022-11-09 21:00,4.72,5.55,181e3,1.94e3
2022-11-09 22:00,4.31,5.88,194e3,1.81e3
2022-11-09 23:00,4.81,5.94,263e3,1.28e3
2022-11-10 00:00,4.97,6.09,321e3,1.07e3
2022-11-10 01:00,5.84,6.02,239e3,1.51e3
2022-11-10 02:00,7.98,6.73,502e3,738
2022-11-10 03:00,10.24,6.83,659e3,618
2022-11-10 04:00,10.27,6.92,522e3,913
2022-11-10 05:00,10.52,7.04,523e3,872
2022-11-10 06:00,8.71,6.76,437e3,1.04e3
2022-11-10 07:00,9.05,6.68,480e3,922
2022-11-10 08:00,9.66,6.85,518e3,951
2022-11-10 09:00,10.41,6.76,543e3,976
2022-11-10 10:00,10.06,6.93,526e3,998
2022-11-10 11:00,10.06,7.10,604e3,921
2022-11-10 12:00,10.40,6.89,545e3,1.13e3
2022-11-10 13:00,8.77,6.58,454e3,1.12e3
2022-11-10 14:00,7.16,6.62,394e3,1.17e3
2022-11-10 15:00,6.69,6.46,409e3,1.15e3
2022-11-10 16:00,6.05,6.76,345e3,1.31e3
2022-11-10 17:00,6.47,6.44,342e3,1.35e3
2022-11-10 18:00,7.55,6.32,306e3,1.41e3
2022-11-10 19:00,6.19,6.13,279e3,1.4e3
2022-11-10 20:00,5.01,6.40,224e3,1.69e3
2022-11-10 21:00,5.63,5.93,202e3,1.85e3
2022-11-10 22:00,4.89,5.96,214e3,1.67e3
2022-11-10 23:00,5.00,6.02,261e3,1.4e3
2022-11-11 00:00,4.97,6.12,305e3,1.24e3
2022-11-11 01:00,5.45,5.93,226e3,1.69e3
2022-11-11 02:00,7.36,6.68,466e3,817
2022-11-11 03:00,8.55,6.81,592e3,707
2022-11-11 04:00,8.54,6.49,490e3,846
2022-11-11 05:00,8.23,6.27,445e3,920
2022-11-11 06:00,7.15,6.58,347e3,1.15e3
2022-11-11 07:00,8.34,6.23,443e3,902
2022-11-11 08:00,8.85,6.64,485e3,888
2022-11-11 09:00,9.84,6.34,478e3,933
2022-11-11 10:00,9.15,6.57,491e3,1.02e3
2022-11-11 11:00,9.61,6.66,475e3,1.06e3
2022-11-11 12:00,8.25,6.72,451e3,1.17e3
2022-11-11 13:00,7.00,6.61,358e3,1.29e3
2022-11-11 14:00,6.19,7.35,326e3,1.29e3
2022-11-11 15:00,7.23,7.09,348e3,1.19e3
2022-11-11 16:00,6.09,7.01,317e3,1.28e3
2022-11-11 17:00,5.17,6.79,281e3,1.39e3
2022-11-11 18:00,4.95,6.58,257e3,1.46e3
2022-11-11 19:00,4.44,6.06,204e3,1.74e3
2022-11-11 20:00,3.82,6.30,191e3,1.83e3
2022-11-11 21:00,4.27,5.72,150e3,2.28e3
2022-11-11 22:00,4.05,5.95,156e3,2.1e3
2022-11-11 23:00,2.99,6.06,160e3,2e3
2022-11-12 00:00,3.65,6.16,219e3,1.51e3
2022-11-12 01:00,4.52,5.82,146e3,2.2e3
2022-11-12 02:00,4.17,6.32,153e3,2.09e3
2022-11-12 03:00,4.13,5.95,142e3,2.11e3
2022-11-12 04:00,3.79,6.07,157e3,1.95e3
2022-11-12 05:00,4.03,5.66,161e3,1.92e3
2022-11-12 06:00,3.40,6.45,121e3,2.65e3
2022-11-12 07:00,3.68,6.12,133e3,2.42e3
2022-11-12 08:00,4.06,6.37,152e3,2.17e3
2022-11-12 09:00,4.95,6.00,188e3,1.81e3
2022-11-12 10:00,5.54,6.78,220e3,1.52e3
2022-11-12 11:00,4.83,6.63,227e3,1.41e3
2022-11-12 12:00,4.94,6.67,227e3,1.43e3
2022-11-12 13:00,4.68,6.47,204e3,1.53e3
2022-11-12 14:00,4.40,6.66,212e3,1.53e3
2022-11-12 15:00,4.19,6.58,196e3,1.62e3
2022-11-12 16:00,4.12,6.51,186e3,1.72e3
2022-11-12 17:00,4.04,5.95,164e3,1.89e3
2022-11-12 18:00,3.54,6.24,139e3,2.23e3
2022-11-12 19:00,3.52,5.79,140e3,2.23e3
2022-11-12 20:00,4.11,6.12,145e3,2.17e3
2022-11-12 21:00,4.52,5.58,146e3,2.23e3
2022-11-12 22:00,3.89,6.04,153e3,2.13e3
2022-11-12 23:00,3.89,5.94,162e3,1.98e3
2022-11-13 00:00,3.95,6.14,235e3,1.38e3
2022-11-13 01:00,4.99,5.61,143e3,2.17e3
2022-11-13 02:00,3.98,6.00,246e3,1.23e3
2022-11-13 03:00,3.67,5.87,252e3,1.2e3
2022-11-13 04:00,4.05,6.06,147e3,2.12e3
2022-11-13 05:00,3.56,5.79,140e3,2.17e3
2022-11-13 06:00,3.24,6.28,112e3,2.84e3
2022-11-13 07:00,3.46,5.95,126e3,2.59e3
2022-11-13 08:00,3.72,6.15,150e3,2.23e3
2022-11-13 09:00,4.03,5.58,145e3,2.29e3
2022-11-13 10:00,3.89,6.19,155e3,2.09e3
2022-11-13 11:00,4.10,6.06,161e3,1.98e3
2022-11-13 12:00,4.00,6.28,177e3,1.83e3
2022-11-13 13:00,4.34,5.80,166e3,1.87e3
2022-11-13 14:00,4.37,6.09,174e3,1.84e3
2022-11-13 15:00,4.53,5.94,173e3,1.87e3
2022-11-13 16:00,3.95,6.32,161e3,2.02e3
2022-11-13 17:00,4.38,5.93,145e3,2.27e3
2022-11-13 18:00,3.96,5.89,148e3,2.22e3
2022-11-13 19:00,3.22,5.77,118e3,2.68e3
2022-11-13 20:00,3.55,5.93,144e3,2.21e3
2022-11-13 21:00,4.04,5.56,143e3,2.29e3
2022-11-13 22:00,4.00,5.96,152e3,2.11e3
2022-11-13 23:00,3.22,6.14,176e3,1.62e3
2022-11-14 00:00,4.75,6.32,281e3,1.07e3
2022-11-14 01:00,5.19,6.29,236e3,1.3e3
2022-11-14 02:00,8.26,7.03,388e3,899
2022-11-14 03:00,10.11,7.03,534e3,751
2022-11-14 04:00,10.23,7.30,547e3,743
2022-11-14 05:00,9.72,7.48,489e3,895
2022-11-14 06:00,9.94,7.18,465e3,941
2022-11-14 07:00,9.78,7.46,510e3,820
2022-11-14 08:00,10.56,7.43,553e3,747
2022-11-14 09:00,11.91,7.58,573e3,779
2022-11-14 10:00,12.11,7.89,625e3,821
2022-11-14 11:00,11.94,7.54,637e3,871
2022-11-14 12:00,11.48,7.55,601e3,1.01e3
2022-11-14 13:00,9.43,7.36,495e3,1.07e3
2022-11-14 14:00,9.00,7.11,443e3,1.08e3
2022-11-14 15:00,8.31,6.88,432e3,1.06e3
2022-11-14 16:00,8.58,6.82,354e3,1.19e3
2022-11-14 17:00,6.54,6.71,346e3,1.16e3
2022-11-14 18:00,5.67,6.61,278e3,1.36e3
2022-11-14 19:00,5.45,6.12,259e3,1.41e3
2022-11-14 20:00,5.23,6.37,242e3,1.45e3
2022-11-14 21:00,5.64,6.01,203e3,1.72e3
2022-11-14 22:00,4.95,6.17,188e3,1.68e3
2022-11-14 23:00,5.40,6.24,220e3,1.36e3
2022-11-15 00:00,5.30,6.55,301e3,1.07e3
2022-11-15 01:00,6.50,6.58,300e3,1.19e3
2022-11-15 02:00,10.08,7.10,532e3,713
2022-11-15 03:00,10.92,7.16,658e3,618
2022-11-15 04:00,10.93,7.40,637e3,704
2022-11-15 05:00,10.45,7.56,541e3,774
2022-11-15 06:00,9.67,7.52,495e3,941
2022-11-15 07:00,9.70,7.78,526e3,772
2022-11-15 08:00,11.49,7.64,560e3,786
2022-11-15 09:00,11.65,7.65,568e3,1e3
2022-11-15 10:00,11.27,7.62,608e3,837
2022-11-15 11:00,12.08,7.49,610e3,801
2022-11-15 12:00,10.18,7.50,585e3,826
2022-11-15 13:00,10.30,7.27,502e3,946
2022-11-15 14:00,8.29,7.07,420e3,1.01e3
2022-11-15 15:00,7.94,6.88,364e3,1.17e3
2022-11-15 16:00,6.95,6.79,307e3,1.23e3
2022-11-15 17:00,6.70,6.60,313e3,1.09e3
2022-11-15 18:00,6.62,6.59,305e3,1.12e3
2022-11-15 19:00,5.40,6.28,235e3,1.39e3
2022-11-15 20:00,5.33,6.44,247e3,1.29e3
2022-11-15 21:00,6.16,6.16,197e3,1.62e3
2022-11-15 22:00,5.36,6.34,199e3,1.57e3
2022-11-15 23:00,5.54,6.26,275e3,1.11e3
2022-11-16 00:00,5.57,6.44,357e3,989
2022-11-16 01:00,7.32,6.55,327e3,1.13e3
2022-11-16 02:00,9.18,6.99,693e3,549
2022-11-16 03:00,12.09,7.68,843e3,538
2022-11-16 04:00,12.68,7.72,903e3,531
2022-11-16 05:00,11.63,7.45,690e3,668
2022-11-16 06:00,9.48,7.31,599e3,759
2022-11-16 07:00,10.93,7.53,623e3,768
2022-11-16 08:00,12.29,7.53,710e3,702
2022-11-16 09:00,13.12,7.57,727e3,804
2022-11-16 10:00,12.25,7.48,823e3,676
2022-11-16 11:00,13.85,8.05,822e3,745
2022-11-16 12:00,12.34,8.07,713e3,833
2022-11-16 13:00,11.00,7.56,571e3,974
2022-11-16 14:00,9.40,7.63,506e3,1.01e3
2022-11-16 15:00,9.87,7.41,543e3,960
2022-11-16 16:00,8.83,7.34,465e3,1.02e3
2022-11-16 17:00,8.44,7.04,413e3,1.03e3
2022-11-16 18:00,7.05,7.19,352e3,1.13e3
2022-11-16 19:00,6.50,6.76,291e3,1.27e3
2022-11-16 20:00,5.47,6.70,231e3,1.46e3
2022-11-16 21:00,5.32,6.27,192e3,1.76e3
2022-11-16 22:00,4.65,6.42,184e3,1.82e3
2022-11-16 23:00,5.67,6.52,225e3,1.49e3
2022-11-17 00:00,6.85,7.02,311e3,1.05e3
2022-11-17 01:00,7.07,6.69,318e3,1.07e3
2022-11-17 02:00,9.03,7.74,586e3,634
2022-11-17 03:00,12.12,8.35,724e3,634
2022-11-17 04:00,10.76,8.06,650e3,690
2022-11-17 05:00,9.71,7.61,559e3,749
2022-11-17 06:00,9.07,7.84,518e3,885
2022-11-17 07:00,9.52,7.62,497e3,902
2022-11-17 08:00,9.84,7.90,496e3,963
2022-11-17 09:00,11.32,8.17,605e3,842
2022-11-17 10:00,12.97,8.42,645e3,1.02e3
2022-11-17 11:00,12.79,8.32,635e3,982
2022-11-17 12:00,10.56,8.30,596e3,982
2022-11-17 13:00,9.71,7.76,444e3,1.05e3
2022-11-17 14:00,7.47,7.67,444e3,968
2022-11-17 15:00,8.04,7.67,422e3,1.07e3
2022-11-17 16:00,7.96,7.74,382e3,1.22e3
2022-11-17 17:00,7.56,7.19,368e3,1.17e3
2022-11-17 18:00,7.10,7.06,325e3,1.25e3
2022-11-17 19:00,6.22,6.78,265e3,1.55e3
2022-11-17 20:00,5.71,6.79,235e3,1.56e3
2022-11-17 21:00,4.80,6.58,183e3,1.92e3
2022-11-17 22:00,4.45,6.73,181e3,1.84e3
2022-11-17 23:00,4.61,6.64,180e3,1.98e3
2022-11-18 00:00,5.51,6.76,218e3,1.73e3
2022-11-18 01:00,7.31,6.77,254e3,1.52e3
2022-11-18 02:00,8.92,7.84,496e3,844
2022-11-18 03:00,9.80,8.14,579e3,775
2022-11-18 04:00,8.69,7.94,527e3,845
2022-11-18 05:00,8.60,7.55,439e3,919
2022-11-18 06:00,6.79,7.66,370e3,1.16e3
2022-11-18 07:00,7.62,7.76,413e3,1.05e3
2022-11-18 08:00,8.25,7.84,415e3,1.09e3
2022-11-18 09:00,10.16,7.77,478e3,979
2022-11-18 10:00,8.88,8.04,516e3,922
2022-11-18 11:00,9.41,8.05,515e3,934
2022-11-18 12:00,10.08,8.35,466e3,1.17e3
2022-11-18 13:00,7.50,8.17,385e3,1.36e3
2022-11-18 14:00,6.91,8.07,349e3,1.36e3
2022-11-18 15:00,7.13,8.24,335e3,1.51e3
2022-11-18 16:00,6.91,7.68,351e3,1.4e3
2022-11-18 17:00,5.64,7.73,298e3,1.43e3
2022-11-18 18:00,5.52,7.46,245e3,1.81e3
2022-11-18 19:00,5.30,7.04,224e3,1.73e3
2022-11-18 20:00,4.37,6.91,193e3,1.92e3
2022-11-18 21:00,4.57,6.76,186e3,1.9e3
2022-11-18 22:00,4.18,6.91,167e3,2.08e3
2022-11-18 23:00,4.58,6.39,179e3,1.94e3
2022-11-19 00:00,4.33,6.61,235e3,1.45e3
2022-11-19 01:00,4.47,6.45,140e3,2.43e3
2022-11-19 02:00,4.83,6.82,243e3,1.4e3
2022-11-19 03:00,4.60,6.45,245e3,1.33e3
2022-11-19 04:00,3.65,6.65,139e3,2.42e3
2022-11-19 05:00,3.89,6.44,133e3,2.56e3
2022-11-19 06:00,3.74,6.83,112e3,3.04e3
2022-11-19 07:00,3.34,6.56,118e3,2.8e3
2022-11-19 08:00,3.76,6.70,125e3,2.71e3
2022-11-19 09:00,4.57,6.30,127e3,2.73e3
2022-11-19 10:00,3.94,6.70,141e3,2.46e3
2022-11-19 11:00,4.03,6.56,147e3,2.37e3
2022-11-19 12:00,4.13,6.93,157e3,2.25e3
2022-11-19 13:00,3.96,6.53,147e3,2.25e3
2022-11-19 14:00,3.68,6.92,147e3,2.32e3
2022-11-19 15:00,3.37,6.61,142e3,2.41e3
2022-11-19 16:00,3.35,6.81,134e3,2.52e3
2022-11-19 17:00,3.94,6.53,132e3,2.54e3
2022-11-19 18:00,3.67,6.77,128e3,2.61e3
2022-11-19 19:00,3.45,6.52,117e3,2.84e3
2022-11-19 20:00,3.41,6.65,129e3,2.59e3
2022-11-19 21:00,4.01,6.34,120e3,2.84e3
2022-11-19 22:00,3.96,6.76,132e3,2.57e3
2022-11-19 23:00,3.98,6.49,147e3,2.26e3
2022-11-20 00:00,3.66,6.79,226e3,1.52e3
2022-11-20 01:00,4.39,6.49,131e3,2.63e3
2022-11-20 02:00,4.18,6.80,230e3,1.45e3
2022-11-20 03:00,4.25,6.67,237e3,1.42e3
2022-11-20 04:00,3.93,6.82,137e3,2.52e3
2022-11-20 05:00,4.04,6.59,144e3,2.33e3
2022-11-20 06:00,3.77,7.13,128e3,2.73e3
2022-11-20 07:00,3.63,6.73,118e3,2.89e3
2022-11-20 08:00,3.72,7.11,115e3,2.91e3
2022-11-20 09:00,4.05,6.70,133e3,2.5e3
2022-11-20 10:00,3.17,6.97,117e3,2.86e3
2022-11-20 11:00,3.66,6.64,127e3,2.65e3
2022-11-20 12:00,4.08,7.09,144e3,2.41e3
2022-11-20 13:00,3.93,6.72,130e3,2.56e3
2022-11-20 14:00,3.56,7.07,130e3,2.58e3
2022-11-20 15:00,3.39,6.64,137e3,2.51e3
2022-11-20 16:00,3.89,6.81,141e3,2.41e3
2022-11-20 17:00,3.84,6.61,135e3,2.46e3
2022-11-20 18:00,3.72,6.85,127e3,2.64e3
2022-11-20 19:00,3.39,6.48,115e3,2.92e3
2022-11-20 20:00,3.64,6.83,132e3,2.58e3
2022-11-20 21:00,4.34,6.45,136e3,2.47e3
2022-11-20 22:00,4.66,6.98,148e3,2.28e3
2022-11-20 23:00,4.96,7.03,189e3,1.84e3
2022-11-21 00:00,5.06,7.21,257e3,1.41e3
2022-11-21 01:00,6.35,7.19,255e3,1.46e3
2022-11-21 02:00,8.11,7.91,487e3,791
2022-11-21 03:00,11.36,8.29,652e3,652
2022-11-21 04:00,10.55,8.03,612e3,740
2022-11-21 05:00,8.57,7.68,477e3,903
2022-11-21 06:00,8.38,7.70,426e3,1.11e3
2022-11-21 07:00,8.89,7.81,504e3,939
2022-11-21 08:00,8.94,7.68,486e3,1.01e3
2022-11-21 09:00,10.53,7.78,557e3,929
2022-11-21 10:00,11.24,7.78,606e3,976
2022-11-21 11:00,10.98,7.86,615e3,916
2022-11-21 12:00,10.59,7.73,602e3,925
2022-11-21 13:00,9.71,7.78,452e3,1.11e3
2022-11-21 14:00,7.35,8.30,391e3,1.12e3
2022-11-21 15:00,8.12,8.18,397e3,1.24e3
2022-11-21 16:00,6.69,7.74,344e3,1.36e3
2022-11-21 17:00,6.44,7.54,300e3,1.41e3
2022-11-21 18:00,5.87,7.29,246e3,1.73e3
2022-11-21 19:00,5.83,7.01,211e3,1.79e3
2022-11-21 20:00,5.38,7.22,198e3,1.86e3
2022-11-21 21:00,5.02,6.82,168e3,2.24e3
2022-11-21 22:00,4.46,6.96,158e3,2.31e3
2022-11-21 23:00,5.47,7.10,192e3,1.93e3
2022-11-22 00:00,5.32,7.39,244e3,1.53e3
2022-11-22 01:00,6.56,7.51,273e3,1.42e3
2022-11-22 02:00,7.67,8.08,514e3,759
2022-11-22 03:00,10.35,8.21,671e3,652
2022-11-22 04:00,9.29,8.01,589e3,737
2022-11-22 05:00,8.89,7.80,547e3,738
2022-11-22 06:00,7.82,7.68,480e3,930
2022-11-22 07:00,8.90,7.81,513e3,832
2022-11-22 08:00,10.13,7.69,577e3,805
2022-11-22 09:00,9.86,7.86,526e3,976
2022-11-22 10:00,10.10,7.94,589e3,878
2022-11-22 11:00,10.18,8.24,633e3,911
2022-11-22 12:00,10.26,8.22,570e3,1.02e3
2022-11-22 13:00,8.97,7.70,419e3,1.21e3
2022-11-22 14:00,6.54,8.04,379e3,1.23e3
2022-11-22 15:00,7.20,7.67,390e3,1.26e3
2022-11-22 16:00,6.56,7.58,350e3,1.2e3
2022-11-22 17:00,5.98,7.37,300e3,1.38e3
2022-11-22 18:00,5.91,7.37,282e3,1.4e3
2022-11-22 19:00,3.98,7.24,230e3,1.56e3
2022-11-22 20:00,4.33,7.30,187e3,1.93e3
2022-11-22 21:00,4.97,7.01,158e3,2.29e3
2022-11-22 22:00,4.64,7.40,172e3,2.1e3
2022-11-22 23:00,4.85,7.65,185e3,1.96e3
2022-11-23 00:00,4.92,7.60,215e3,1.73e3
2022-11-23 01:00,6.26,7.69,287e3,1.3e3
2022-11-23 02:00,7.86,8.35,386e3,983
2022-11-23 03:00,9.74,8.47,532e3,793
2022-11-23 04:00,9.48,8.33,531e3,845
2022-11-23 05:00,8.90,7.88,456e3,1e3
2022-11-23 06:00,8.01,8.06,422e3,1.07e3
2022-11-23 07:00,9.70,8.54,461e3,950
2022-11-23 08:00,9.21,8.53,504e3,859
2022-11-23 09:00,9.86,8.41,532e3,897
2022-11-23 10:00,10.35,8.54,563e3,999
2022-11-23 11:00,10.35,8.40,545e3,967
2022-11-23 12:00,9.49,8.24,522e3,1.03e3
2022-11-23 13:00,8.51,8.05,417e3,1.07e3
2022-11-23 14:00,7.16,7.74,389e3,1.12e3
2022-11-23 15:00,7.04,7.61,342e3,1.27e3
2022-11-23 16:00,6.27,7.78,302e3,1.5e3
2022-11-23 17:00,5.38,7.36,261e3,1.57e3
2022-11-23 18:00,5.75,7.37,246e3,1.61e3
2022-11-23 19:00,4.52,7.22,176e3,2.07e3
2022-11-23 20:00,4.26,6.86,174e3,2.06e3
2022-11-23 21:00,3.55,6.93,149e3,2.32e3
2022-11-23 22:00,4.49,7.30,169e3,2.06e3
2022-11-23 23:00,4.97,7.21,184e3,1.89e3
2022-11-24 00:00,5.14,7.48,267e3,1.31e3
2022-11-24 01:00,6.47,7.26,253e3,1.46e3
2022-11-24 02:00,9.40,8.14,491e3,761
2022-11-24 03:00,10.38,8.40,578e3,725
2022-11-24 04:00,9.28,8.29,494e3,871
2022-11-24 05:00,9.01,8.02,425e3,1.01e3
2022-11-24 06:00,8.17,7.93,435e3,1.06e3
2022-11-24 07:00,8.03,7.97,451e3,990
2022-11-24 08:00,8.96,8.02,474e3,936
2022-11-24 09:00,8.88,8.35,476e3,974
2022-11-24 10:00,9.73,8.49,541e3,942
2022-11-24 11:00,8.94,8.26,525e3,938
2022-11-24 12:00,8.31,7.98,459e3,1.01e3
2022-11-24 13:00,6.14,7.76,341e3,1.28e3
2022-11-24 14:00,6.70,7.93,330e3,1.27e3
2022-11-24 15:00,6.88,7.75,310e3,1.38e3
2022-11-24 16:00,6.30,7.55,260e3,1.65e3
2022-11-24 17:00,4.92,7.00,190e3,1.86e3
2022-11-24 18:00,4.18,7.12,146e3,2.42e3
2022-11-24 19:00,3.85,7.05,148e3,2.37e3
2022-11-24 20:00,3.87,7.16,141e3,2.57e3
2022-11-24 21:00,4.95,7.12,137e3,2.59e3
2022-11-24 22:00,4.41,7.27,144e3,2.52e3
2022-11-24 23:00,4.74,7.17,167e3,2.11e3
2022-11-25 00:00,4.58,7.41,216e3,1.65e3
2022-11-25 01:00,6.33,7.03,269e3,1.36e3
2022-11-25 02:00,7.93,7.53,449e3,846
2022-11-25 03:00,9.06,7.66,557e3,708
2022-11-25 04:00,9.43,7.49,489e3,871
2022-11-25 05:00,8.98,8.22,420e3,979
2022-11-25 06:00,7.22,8.16,390e3,1.06e3
2022-11-25 07:00,8.04,8.18,445e3,912
2022-11-25 08:00,7.91,7.93,446e3,915
2022-11-25 09:00,9.10,8.03,469e3,962
2022-11-25 10:00,9.74,8.05,476e3,1.02e3
2022-11-25 11:00,7.24,7.97,424e3,1.06e3
2022-11-25 12:00,7.73,7.81,349e3,1.27e3
2022-11-25 13:00,6.38,7.80,260e3,1.52e3
2022-11-25 14:00,5.57,8.26,236e3,1.66e3
2022-11-25 15:00,6.53,8.01,288e3,1.48e3
2022-11-25 16:00,5.34,7.77,247e3,1.56e3
2022-11-25 17:00,5.10,7.83,210e3,1.68e3
2022-11-25 18:00,4.80,7.46,183e3,2.07e3
2022-11-25 19:00,4.41,7.03,156e3,2.19e3
2022-11-25 20:00,4.31,7.13,162e3,2.09e3
2022-11-25 21:00,4.23,6.87,128e3,2.54e3
2022-11-25 22:00,3.62,7.07,124e3,2.69e3
2022-11-25 23:00,3.34,6.96,109e3,2.96e3
2022-11-26 00:00,3.46,7.35,135e3,2.45e3
2022-11-26 01:00,4.21,6.88,126e3,2.74e3
2022-11-26 02:00,4.10,7.22,236e3,1.45e3
2022-11-26 03:00,3.96,7.01,245e3,1.39e3
2022-11-26 04:00,3.76,7.29,141e3,2.39e3
2022-11-26 05:00,4.00,6.95,136e3,2.42e3
2022-11-26 06:00,3.59,7.41,131e3,2.72e3
2022-11-26 07:00,3.48,7.17,112e3,3.12e3
2022-11-26 08:00,3.90,7.20,137e3,2.66e3
2022-11-26 09:00,3.65,7.09,129e3,2.83e3
2022-11-26 10:00,4.48,6.97,111e3,3.42e3
2022-11-26 11:00,3.98,7.12,123e3,2.9e3
2022-11-26 12:00,3.99,7.16,139e3,2.62e3
2022-11-26 13:00,3.49,7.14,125e3,2.74e3
2022-11-26 14:00,3.71,7.21,129e3,2.83e3
2022-11-26 15:00,3.88,7.01,127e3,2.91e3
2022-11-26 16:00,3.89,7.23,129e3,2.74e3
2022-11-26 17:00,3.61,6.76,125e3,2.67e3
2022-11-26 18:00,3.42,7.06,115e3,3e3
2022-11-26 19:00,3.57,7.04,115e3,2.96e3
2022-11-26 20:00,3.61,7.13,125e3,2.83e3
2022-11-26 21:00,4.25,6.91,117e3,3.02e3
2022-11-26 22:00,3.76,7.14,122e3,2.84e3
2022-11-26 23:00,3.86,6.99,131e3,2.62e3
2022-11-27 00:00,4.07,7.11,161e3,2.19e3
2022-11-27 01:00,4.35,6.99,171e3,2.03e3
2022-11-27 02:00,3.99,7.19,223e3,1.51e3
2022-11-27 03:00,4.28,6.90,241e3,1.39e3
2022-11-27 04:00,4.21,7.09,139e3,2.46e3
2022-11-27 05:00,4.04,6.74,139e3,2.41e3
2022-11-27 06:00,3.93,7.18,131e3,2.6e3
2022-11-27 07:00,3.50,7.02,122e3,2.82e3
2022-11-27 08:00,4.32,7.27,128e3,2.72e3
2022-11-27 09:00,3.87,7.06,117e3,2.85e3
2022-11-27 10:00,3.75,7.48,115e3,3e3
2022-11-27 11:00,3.72,7.02,131e3,2.57e3
2022-11-27 12:00,4.04,7.36,133e3,2.61e3
2022-11-27 13:00,3.63,7.14,126e3,2.61e3
2022-11-27 14:00,3.89,7.28,137e3,2.47e3
2022-11-27 15:00,3.83,7.03,133e3,2.49e3
2022-11-27 16:00,3.57,7.45,135e3,2.42e3
2022-11-27 17:00,3.48,6.97,128e3,2.56e3
2022-11-27 18:00,3.79,7.22,114e3,2.95e3
2022-11-27 19:00,3.50,6.92,113e3,2.87e3
2022-11-27 20:00,3.50,7.13,127e3,2.64e3
2022-11-27 21:00,4.42,6.82,121e3,2.92e3
2022-11-27 22:00,4.38,7.28,129e3,2.74e3
2022-11-27 23:00,4.44,7.19,151e3,2.38e3
2022-11-28 00:00,4.53,7.44,229e3,1.57e3
2022-11-28 01:00,5.66,7.37,227e3,1.59e3
2022-11-28 02:00,7.99,8.20,474e3,811
2022-11-28 03:00,9.86,8.30,653e3,670
2022-11-28 04:00,9.63,8.05,584e3,745
2022-11-28 05:00,8.62,8.23,475e3,947
2022-11-28 06:00,9.29,8.31,456e3,988
2022-11-28 07:00,9.86,8.46,530e3,843
2022-11-28 08:00,10.31,8.59,540e3,909
2022-11-28 09:00,10.75,8.55,571e3,1.02e3
2022-11-28 10:00,11.14,8.61,603e3,1.03e3
2022-11-28 11:00,11.80,8.66,632e3,1.04e3
2022-11-28 12:00,10.36,8.55,648e3,934
2022-11-28 13:00,9.88,8.26,513e3,1.12e3
2022-11-28 14:00,7.99,8.27,408e3,1.22e3
2022-11-28 15:00,8.39,8.67,379e3,1.26e3
2022-11-28 16:00,7.80,8.85,431e3,1.01e3
2022-11-28 17:00,7.16,8.52,403e3,1.18e3
2022-11-28 18:00,6.76,8.44,325e3,1.37e3
2022-11-28 19:00,6.43,7.97,269e3,1.56e3
2022-11-28 20:00,5.37,7.66,223e3,1.68e3
2022-11-28 21:00,5.34,7.17,219e3,1.71e3
2022-11-28 22:00,4.64,7.32,188e3,2e3
2022-11-28 23:00,5.38,7.72,216e3,1.67e3
2022-11-29 00:00,5.69,7.77,259e3,1.47e3
2022-11-29 01:00,6.84,8.08,315e3,1.21e3
2022-11-29 02:00,8.51,8.57,518e3,797
2022-11-29 03:00,9.71,8.66,655e3,673
2022-11-29 04:00,10.72,8.47,666e3,695
2022-11-29 05:00,11.92,8.21,531e3,838
2022-11-29 06:00,10.38,9.03,466e3,1.1e3
2022-11-29 07:00,11.47,8.95,558e3,843
2022-11-29 08:00,10.87,8.94,608e3,880
2022-11-29 09:00,13.41,8.97,680e3,879
2022-11-29 10:00,13.30,9.10,764e3,932
2022-11-29 11:00,15.18,9.19,810e3,895
2022-11-29 12:00,13.12,8.92,730e3,930
2022-11-29 13:00,11.42,8.58,562e3,1e3
2022-11-29 14:00,8.94,8.67,518e3,990
2022-11-29 15:00,9.57,8.43,512e3,1.04e3
2022-11-29 16:00,9.79,8.51,465e3,1.02e3
2022-11-29 17:00,9.84,9.03,423e3,1.1e3
2022-11-29 18:00,8.30,8.78,330e3,1.29e3
2022-11-29 19:00,8.55,8.76,306e3,1.33e3
2022-11-29 20:00,8.99,8.75,274e3,1.42e3
2022-11-29 21:00,9.21,8.73,251e3,1.54e3
2022-11-29 22:00,9.17,8.91,246e3,1.52e3
2022-11-29 23:00,10.80,8.85,283e3,1.35e3
2022-11-30 00:00,11.38,9.03,336e3,1.2e3
2022-11-30 01:00,12.51,9.02,388e3,1.12e3
2022-11-30 02:00,16.10,9.23,668e3,699
2022-11-30 03:00,18.36,9.24,941e3,606
2022-11-30 04:00,17.71,9.22,841e3,747
2022-11-30 05:00,17.81,9.14,767e3,730
2022-11-30 06:00,17.05,9.10,627e3,897
2022-11-30 07:00,17.00,9.25,723e3,803
2022-11-30 08:00,17.32,9.35,728e3,846
2022-11-30 09:00,17.86,9.42,739e3,835
2022-11-30 10:00,19.22,9.29,768e3,967
2022-11-30 11:00,20.21,9.30,817e3,845
2022-11-30 12:00,19.44,9.55,806e3,1e3
2022-11-30 13:00,18.68,9.53,582e3,1.17e3
2022-11-30 14:00,16.71,9.49,479e3,1.21e3
2022-11-30 15:00,17.22,9.53,516e3,1.15e3
2022-11-30 16:00,16.45,9.43,397e3,1.44e3
2022-11-30 17:00,17.26,9.54,407e3,1.32e3
2022-11-30 18:00,16.03,9.41,331e3,1.61e3
2022-11-30 19:00,16.40,9.21,323e3,1.43e3
2022-11-30 20:00,16.04,9.26,265e3,1.74e3
2022-11-30 21:00,16.76,9.28,261e3,1.62e3
2022-11-30 22:00,16.01,9.34,233e3,1.88e3
2022-11-30 23:00,16.77,9.50,269e3,1.57e3
2022-12-01 00:00,16.47,9.29,296e3,1.45e3
2022-12-01 01:00,17.37,9.21,368e3,1.23e3
2022-12-01 02:00,19.90,9.42,684e3,807
2022-12-01 03:00,20.84,9.36,793e3,822
2022-12-01 04:00,20.23,9.29,645e3,1.03e3
2022-12-01 05:00,20.20,9.42,657e3,937
2022-12-01 06:00,18.91,9.58,459e3,1.3e3
2022-12-01 07:00,19.81,9.44,565e3,1.14e3
2022-12-01 08:00,20.19,9.67,563e3,1.21e3
2022-12-01 09:00,20.78,9.88,572e3,1.22e3
2022-12-01 10:00,20.99,9.91,622e3,1.32e3
2022-12-01 11:00,20.34,9.75,651e3,1.39e3
2022-12-01 12:00,19.89,9.87,602e3,1.56e3
2022-12-01 13:00,20.23,9.62,484e3,1.57e3
2022-12-01 14:00,20.54,9.63,491e3,1.43e3
2022-12-01 15:00,21.27,9.77,560e3,1.19e3
2022-12-01 16:00,20.49,9.66,421e3,1.42e3
2022-12-01 17:00,20.62,9.52,387e3,1.48e3
2022-12-01 18:00,19.61,9.50,321e3,1.69e3
2022-12-01 19:00,19.42,9.43,319e3,1.69e3
2022-12-01 20:00,20.38,9.39,299e3,1.68e3
2022-12-01 21:00,20.66,9.41,257e3,1.87e3
2022-12-01 22:00,20.57,9.44,241e3,1.94e3
2022-12-01 23:00,20.69,9.34,275e3,1.67e3
2022-12-02 00:00,20.49,9.40,287e3,1.72e3
2022-12-02 01:00,21.21,9.40,345e3,1.53e3
2022-12-02 02:00,21.88,9.33,486e3,1.2e3
2022-12-02 03:00,22.19,9.46,568e3,1.14e3
2022-12-02 04:00,17.72,9.51,530e3,1.36e3
2022-12-02 05:00,8.11,9.27,416e3,1.94e3
2022-12-02 06:00,8.21,9.13,339e3,2.41e3
2022-12-02 07:00,8.15,9.03,375e3,2.22e3
2022-12-02 08:00,8.73,9.14,390e3,2.09e3
2022-12-02 09:00,9.23,9.28,421e3,1.84e3
2022-12-02 10:00,10.52,9.61,444e3,2.11e3
2022-12-02 11:00,11.59,9.59,502e3,1.72e3
2022-12-02 12:00,11.03,9.41,488e3,1.78e3
2022-12-02 13:00,7.52,9.23,413e3,1.73e3
2022-12-02 14:00,7.71,9.40,357e3,1.86e3
2022-12-02 15:00,8.23,9.14,360e3,1.82e3
2022-12-02 16:00,7.28,9.06,281e3,2.23e3
2022-12-02 17:00,6.46,8.97,235e3,2.33e3
2022-12-02 18:00,7.24,9.17,224e3,2.5e3
2022-12-02 19:00,12.82,9.14,241e3,2.08e3
2022-12-02 20:00,13.62,9.20,189e3,2.42e3
2022-12-02 21:00,15.02,9.34,201e3,2.17e3
2022-12-02 22:00,15.39,9.39,179e3,2.47e3
2022-12-02 23:00,14.11,9.30,196e3,1.97e3
2022-12-03 00:00,13.02,9.45,184e3,2.16e3
2022-12-03 01:00,14.02,9.34,218e3,1.84e3
2022-12-03 02:00,15.36,9.33,336e3,1.22e3
2022-12-03 03:00,14.69,9.49,268e3,1.5e3
2022-12-03 04:00,15.46,9.10,269e3,1.51e3
2022-12-03 05:00,15.50,9.16,220e3,1.83e3
2022-12-03 06:00,16.00,9.23,192e3,2.08e3
2022-12-03 07:00,16.60,9.28,195e3,2.04e3
2022-12-03 08:00,13.70,9.34,175e3,2.36e3
2022-12-03 09:00,16.66,9.15,223e3,1.84e3
2022-12-03 10:00,16.67,9.20,204e3,2.05e3
2022-12-03 11:00,16.60,9.12,223e3,1.85e3
2022-12-03 12:00,17.25,9.38,218e3,1.93e3
2022-12-03 13:00,17.53,9.35,218e3,1.89e3
2022-12-03 14:00,17.12,9.48,204e3,2.02e3
2022-12-03 15:00,17.92,9.62,208e3,1.98e3
2022-12-03 16:00,17.17,9.55,189e3,2.19e3
2022-12-03 17:00,17.62,9.59,192e3,2.16e3
2022-12-03 18:00,18.28,9.76,176e3,2.37e3
2022-12-03 19:00,18.45,9.56,193e3,2.16e3
2022-12-03 20:00,18.23,9.66,187e3,2.29e3
2022-12-03 21:00,18.87,9.70,213e3,2.07e3
2022-12-03 22:00,19.46,9.65,192e3,2.26e3
2022-12-03 23:00,19.29,9.60,230e3,1.9e3
2022-12-04 00:00,18.52,9.70,206e3,2.14e3
2022-12-04 01:00,19.04,9.55,271e3,1.59e3
2022-12-04 02:00,18.82,9.61,330e3,1.37e3
2022-12-04 03:00,19.38,9.75,258e3,1.7e3
2022-12-04 04:00,18.88,9.53,305e3,1.49e3
2022-12-04 05:00,19.88,9.69,244e3,1.8e3
2022-12-04 06:00,18.68,9.84,206e3,2.26e3
2022-12-04 07:00,19.80,9.66,220e3,2.06e3
2022-12-04 08:00,19.66,9.71,201e3,2.22e3
2022-12-04 09:00,19.80,9.76,217e3,2.11e3
2022-12-04 10:00,19.40,9.60,213e3,2.17e3
2022-12-04 11:00,19.98,9.76,223e3,2.08e3
2022-12-04 12:00,19.65,9.79,217e3,2.22e3
2022-12-04 13:00,20.40,9.66,228e3,2.04e3
2022-12-04 14:00,20.20,9.71,211e3,2.2e3
2022-12-04 15:00,20.81,9.73,210e3,2.22e3
2022-12-04 16:00,19.76,9.78,199e3,2.32e3
2022-12-04 17:00,21.14,9.48,262e3,1.79e3
2022-12-04 18:00,20.88,9.35,193e3,2.36e3
2022-12-04 19:00,20.36,9.45,202e3,2.26e3
2022-12-04 20:00,20.08,9.53,194e3,2.35e3
2022-12-04 21:00,19.90,9.54,207e3,2.25e3
2022-12-04 22:00,20.28,9.67,209e3,2.3e3
2022-12-04 23:00,20.53,9.85,241e3,1.99e3
2022-12-05 00:00,20.23,9.80,251e3,2.02e3
2022-12-05 01:00,20.58,9.77,283e3,1.91e3
2022-12-05 02:00,20.74,9.80,505e3,1.29e3
2022-12-05 03:00,16.46,9.84,653e3,1.4e3
2022-12-05 04:00,14.71,9.63,638e3,1.29e3
2022-12-05 05:00,10.51,9.22,528e3,1.54e3
2022-12-05 06:00,9.37,9.25,483e3,1.66e3
2022-12-05 07:00,12.49,9.85,534e3,1.68e3
2022-12-05 08:00,11.35,9.77,541e3,1.6e3
2022-12-05 09:00,16.27,9.72,600e3,1.22e3
2022-12-05 10:00,16.53,9.74,677e3,1.21e3
2022-12-05 11:00,17.41,9.75,747e3,1.18e3
2022-12-05 12:00,13.74,9.49,623e3,1.3e3
2022-12-05 13:00,14.02,9.30,508e3,1.22e3
2022-12-05 14:00,12.31,9.35,462e3,1.27e3
2022-12-05 15:00,8.14,8.76,402e3,1.23e3
2022-12-05 16:00,7.23,8.51,336e3,1.44e3
2022-12-05 17:00,6.80,8.33,311e3,1.34e3
2022-12-05 18:00,5.83,8.04,265e3,1.47e3
2022-12-05 19:00,5.77,8.04,242e3,1.62e3
2022-12-05 20:00,5.50,8.07,221e3,1.68e3
2022-12-05 21:00,5.81,7.63,205e3,1.74e3
2022-12-05 22:00,4.05,8.02,152e3,2.28e3
2022-12-05 23:00,4.69,7.98,201e3,1.79e3
2022-12-06 00:00,4.96,8.30,220e3,1.68e3
2022-12-06 01:00,6.45,8.17,304e3,1.17e3
2022-12-06 02:00,8.02,9.04,434e3,958
2022-12-06 03:00,10.79,9.13,634e3,699
2022-12-06 04:00,10.33,8.96,521e3,984
2022-12-06 05:00,9.38,8.78,521e3,843
2022-12-06 06:00,8.46,8.75,424e3,1.07e3
2022-12-06 07:00,9.31,8.62,536e3,835
2022-12-06 08:00,10.11,8.84,561e3,845
2022-12-06 09:00,11.48,8.82,579e3,879
2022-12-06 10:00,10.63,8.73,600e3,1.04e3
2022-12-06 11:00,11.84,8.96,650e3,945
2022-12-06 12:00,9.64,9.07,544e3,1.18e3
2022-12-06 13:00,8.81,8.72,480e3,1.18e3
2022-12-06 14:00,7.95,8.60,418e3,1.22e3
2022-12-06 15:00,8.48,8.54,452e3,1.23e3
2022-12-06 16:00,7.70,8.56,350e3,1.4e3
2022-12-06 17:00,6.18,8.27,321e3,1.38e3
2022-12-06 18:00,6.68,8.76,274e3,1.56e3
2022-12-06 19:00,5.90,8.49,256e3,1.46e3
2022-12-06 20:00,5.19,8.25,233e3,1.65e3
2022-12-06 21:00,5.21,8.00,202e3,1.82e3
2022-12-06 22:00,5.16,8.17,169e3,2.37e3
2022-12-06 23:00,5.36,7.78,227e3,1.5e3
2022-12-07 00:00,5.37,8.33,253e3,1.42e3
2022-12-07 01:00,6.83,8.06,290e3,1.21e3
2022-12-07 02:00,7.99,8.72,499e3,769
2022-12-07 03:00,11.72,9.61,708e3,586
2022-12-07 04:00,10.97,9.19,604e3,695
2022-12-07 05:00,8.82,9.01,546e3,719
2022-12-07 06:00,7.93,9.20,475e3,945
2022-12-07 07:00,8.99,9.04,497e3,783
2022-12-07 08:00,9.10,9.18,479e3,869
2022-12-07 09:00,10.33,9.19,545e3,805
2022-12-07 10:00,11.10,9.72,594e3,879
2022-12-07 11:00,12.78,9.95,660e3,796
2022-12-07 12:00,11.88,9.99,605e3,925
2022-12-07 13:00,9.96,8.92,474e3,1.11e3
2022-12-07 14:00,10.66,8.95,419e3,1.3e3
2022-12-07 15:00,9.81,9.09,451e3,1.05e3
2022-12-07 16:00,8.48,9.32,399e3,1.14e3
2022-12-07 17:00,7.95,9.33,358e3,1.12e3
2022-12-07 18:00,7.10,9.04,349e3,1.2e3
2022-12-07 19:00,6.29,8.51,312e3,1.18e3
2022-12-07 20:00,5.62,8.43,234e3,1.48e3
2022-12-07 21:00,6.29,7.87,232e3,1.47e3
2022-12-07 22:00,5.31,8.04,192e3,1.75e3
2022-12-07 23:00,6.09,8.14,246e3,1.38e3
2022-12-08 00:00,5.51,8.42,297e3,1.13e3
2022-12-08 01:00,7.54,8.55,300e3,1.15e3
2022-12-08 02:00,8.37,9.39,518e3,722
2022-12-08 03:00,11.98,9.47,689e3,584
2022-12-08 04:00,9.82,9.28,529e3,844
2022-12-08 05:00,9.96,8.90,493e3,848
2022-12-08 06:00,7.96,8.79,439e3,975
2022-12-08 07:00,9.43,9.05,503e3,862
2022-12-08 08:00,9.71,9.18,496e3,880
2022-12-08 09:00,10.15,9.32,574e3,810
2022-12-08 10:00,11.53,9.20,590e3,922
2022-12-08 11:00,11.51,9.26,575e3,962
2022-12-08 12:00,9.73,9.25,514e3,1.05e3
2022-12-08 13:00,8.87,9.04,404e3,1.09e3
2022-12-08 14:00,7.37,8.84,352e3,1.33e3
2022-12-08 15:00,8.43,9.46,388e3,1.13e3
2022-12-08 16:00,7.14,9.49,337e3,1.27e3
2022-12-08 17:00,6.99,9.06,306e3,1.31e3
2022-12-08 18:00,6.08,8.97,261e3,1.55e3
2022-12-08 19:00,5.80,8.76,258e3,1.38e3
2022-12-08 20:00,5.83,8.68,206e3,1.84e3
2022-12-08 21:00,6.20,7.93,188e3,1.9e3
2022-12-08 22:00,5.42,8.14,159e3,2.26e3
2022-12-08 23:00,6.26,8.11,204e3,1.65e3
2022-12-09 00:00,5.12,7.15,202e3,1.64e3
2022-12-09 01:00,6.67,6.31,303e3,1.15e3
2022-12-09 02:00,7.89,7.42,469e3,824
2022-12-09 03:00,10.42,7.52,612e3,694
2022-12-09 04:00,10.37,7.80,561e3,806
2022-12-09 05:00,9.81,7.50,426e3,985
2022-12-09 06:00,7.50,7.55,371e3,1.12e3
2022-12-09 07:00,7.81,7.59,437e3,875
2022-12-09 08:00,8.90,7.81,468e3,930
2022-12-09 09:00,10.50,7.56,510e3,949
2022-12-09 10:00,10.89,7.59,506e3,1.02e3
2022-12-09 11:00,10.24,7.89,535e3,927
2022-12-09 12:00,9.01,7.91,444e3,1.05e3
2022-12-09 13:00,6.82,7.52,329e3,1.27e3
2022-12-09 14:00,7.25,7.48,303e3,1.28e3
2022-12-09 15:00,6.54,7.04,290e3,1.32e3
2022-12-09 16:00,6.20,7.38,264e3,1.54e3
2022-12-09 17:00,6.69,7.03,300e3,1.25e3
2022-12-09 18:00,5.85,7.10,259e3,1.43e3
2022-12-09 19:00,5.95,6.49,230e3,1.54e3
2022-12-09 20:00,4.99,6.76,186e3,1.86e3
2022-12-09 21:00,6.15,6.34,178e3,1.87e3
2022-12-09 22:00,4.96,6.46,165e3,2.04e3
2022-12-09 23:00,5.14,6.41,178e3,1.8e3
2022-12-10 00:00,5.13,6.64,215e3,1.56e3
2022-12-10 01:00,5.82,6.35,195e3,1.69e3
2022-12-10 02:00,4.98,6.50,267e3,1.23e3
2022-12-10 03:00,4.96,6.27,293e3,1.04e3
2022-12-10 04:00,5.31,6.51,179e3,1.86e3
2022-12-10 05:00,5.19,6.37,162e3,2.02e3
2022-12-10 06:00,4.73,7.03,138e3,2.41e3
2022-12-10 07:00,4.61,6.50,147e3,2.18e3
2022-12-10 08:00,4.95,6.80,139e3,2.46e3
2022-12-10 09:00,5.75,6.51,158e3,2.17e3
2022-12-10 10:00,5.24,7.16,162e3,2.05e3
2022-12-10 11:00,4.94,6.60,159e3,2.06e3
2022-12-10 12:00,4.83,6.63,150e3,2.22e3
2022-12-10 13:00,4.96,6.30,166e3,1.98e3
2022-12-10 14:00,4.12,6.64,143e3,2.35e3
2022-12-10 15:00,5.02,6.29,172e3,2.01e3
2022-12-10 16:00,4.97,6.55,160e3,2.07e3
2022-12-10 17:00,4.61,6.34,154e3,2.06e3
2022-12-10 18:00,4.58,6.58,140e3,2.38e3
2022-12-10 19:00,4.90,6.33,163e3,1.98e3
2022-12-10 20:00,5.31,6.65,153e3,2.14e3
2022-12-10 21:00,5.32,6.50,164e3,2e3
2022-12-10 22:00,5.00,6.72,156e3,1.41e3
2022-12-10 23:00,5.17,6.34,168e3,1.21e3
2022-12-11 00:00,4.54,6.67,154e3,1.38e3
2022-12-11 01:00,6.06,6.47,187e3,1.13e3
2022-12-11 02:00,5.01,6.69,250e3,770
2022-12-11 03:00,5.31,6.33,278e3,690
2022-12-11 04:00,4.44,5.86,142e3,1.36e3
2022-12-11 05:00,3.87,4.68,174e3,786
2022-12-11 06:00,4.17,4.76,151e3,985
2022-12-11 07:00,3.75,4.66,138e3,1.03e3
2022-12-11 08:00,3.95,4.93,130e3,1.22e3
2022-12-11 09:00,4.75,4.63,151e3,1.04e3
2022-12-11 10:00,2.50,5.48,105e3,1.28e3
2022-12-11 11:00,1.92,4.85,147e3,757
2022-12-11 12:00,1.95,5.84,137e3,272
2022-12-11 13:00,1.23,5.36,142e3,134
2022-12-11 14:00,1.47,6.15,115e3,303
2022-12-11 15:00,1.62,5.23,147e3,870
2022-12-11 16:00,2.40,5.38,143e3,1.32e3
2022-12-11 17:00,2.61,4.76,164e3,1.58e3
2022-12-11 18:00,2.83,4.12,136e3,2.57e3
2022-12-11 19:00,3.46,3.07,150e3,2.41e3
2022-12-11 20:00,3.29,3.39,137e3,2.63e3
2022-12-11 21:00,4.10,3.13,163e3,2.26e3
2022-12-11 22:00,3.70,3.51,155e3,2.46e3
2022-12-11 23:00,4.66,3.40,196e3,1.89e3
2022-12-12 00:00,4.35,3.77,228e3,1.75e3
2022-12-12 01:00,6.50,3.55,300e3,1.31e3
2022-12-12 02:00,8.39,4.49,517e3,809
2022-12-12 03:00,10.99,4.87,693e3,685
2022-12-12 04:00,11.06,4.65,610e3,854
2022-12-12 05:00,10.56,5.13,563e3,814
2022-12-12 06:00,8.72,5.55,453e3,1.06e3
2022-12-12 07:00,10.33,5.32,541e3,889
2022-12-12 08:00,10.24,5.76,539e3,954
2022-12-12 09:00,10.95,5.78,606e3,941
2022-12-12 10:00,11.27,5.97,679e3,853
2022-12-12 11:00,12.70,6.01,730e3,890
2022-12-12 12:00,10.32,5.88,600e3,1.05e3
2022-12-12 13:00,10.10,6.21,516e3,1.09e3
2022-12-12 14:00,9.08,5.99,453e3,1.2e3
2022-12-12 15:00,7.66,5.83,442e3,1.24e3
2022-12-12 16:00,7.05,5.83,371e3,1.32e3
2022-12-12 17:00,6.57,5.46,371e3,1.2e3
2022-12-12 18:00,5.88,5.55,321e3,1.47e3
2022-12-12 19:00,5.70,4.98,290e3,1.45e3
2022-12-12 20:00,4.65,4.93,234e3,1.7e3
2022-12-12 21:00,4.80,4.58,206e3,1.91e3
2022-12-12 22:00,4.73,4.63,180e3,2.11e3
2022-12-12 23:00,4.96,4.50,228e3,1.56e3
2022-12-13 00:00,4.94,4.96,263e3,1.47e3
2022-12-13 01:00,6.10,5.11,319e3,1.18e3
2022-12-13 02:00,10.25,5.86,568e3,793
2022-12-13 03:00,12.32,6.12,711e3,718
2022-12-13 04:00,11.87,5.86,741e3,721
2022-12-13 05:00,11.64,6.17,598e3,818
2022-12-13 06:00,9.82,6.26,480e3,1.04e3
2022-12-13 07:00,11.82,6.35,651e3,752
2022-12-13 08:00,11.43,6.30,628e3,782
2022-12-13 09:00,13.77,6.73,753e3,754
2022-12-13 10:00,13.40,6.82,817e3,758
2022-12-13 11:00,14.18,6.75,830e3,768
2022-12-13 12:00,12.09,6.54,670e3,939
2022-12-13 13:00,9.41,6.41,531e3,1.01e3
2022-12-13 14:00,8.91,6.30,488e3,1.05e3
2022-12-13 15:00,8.20,6.72,495e3,1.06e3
2022-12-13 16:00,9.65,6.61,455e3,1.1e3
2022-12-13 17:00,7.88,6.21,397e3,1.13e3
2022-12-13 18:00,6.27,6.30,314e3,1.44e3
2022-12-13 19:00,6.87,5.65,304e3,1.36e3
2022-12-13 20:00,5.64,5.40,264e3,1.49e3
2022-12-13 21:00,6.07,5.26,228e3,1.73e3
2022-12-13 22:00,5.11,5.27,200e3,1.87e3
2022-12-13 23:00,6.50,5.50,245e3,1.47e3
2022-12-14 00:00,6.03,5.74,303e3,1.3e3
2022-12-14 01:00,6.27,5.66,337e3,1.1e3
2022-12-14 02:00,10.19,6.62,569e3,753
2022-12-14 03:00,13.03,6.76,881e3,547
2022-12-14 04:00,11.96,6.52,776e3,632
2022-12-14 05:00,10.05,6.24,645e3,724
2022-12-14 06:00,9.34,6.40,537e3,926
2022-12-14 07:00,11.17,6.34,676e3,709
2022-12-14 08:00,11.64,6.50,693e3,760
2022-12-14 09:00,13.20,6.57,779e3,731
2022-12-14 10:00,15.04,7.39,777e3,838
2022-12-14 11:00,14.64,7.46,800e3,826
2022-12-14 12:00,12.16,7.20,652e3,1.03e3
2022-12-14 13:00,9.08,7.08,407e3,1.31e3
2022-12-14 14:00,9.75,7.16,455e3,1.1e3
2022-12-14 15:00,9.55,6.91,544e3,955
2022-12-14 16:00,8.46,6.97,396e3,1.29e3
2022-12-14 17:00,7.41,6.50,356e3,1.25e3
2022-12-14 18:00,6.33,6.45,312e3,1.58e3
2022-12-14 19:00,6.55,5.98,310e3,1.38e3
2022-12-14 20:00,5.36,5.71,240e3,1.73e3
2022-12-14 21:00,5.67,5.36,200e3,1.94e3
2022-12-14 22:00,4.89,5.48,177e3,2.22e3
2022-12-14 23:00,5.16,5.38,233e3,1.62e3
2022-12-15 00:00,5.55,5.84,295e3,1.4e3
2022-12-15 01:00,7.14,5.53,323e3,1.19e3
2022-12-15 02:00,8.68,6.90,586e3,703
2022-12-15 03:00,11.72,7.20,812e3,590
2022-12-15 04:00,10.67,6.95,640e3,806
2022-12-15 05:00,10.65,7.10,568e3,833
2022-12-15 06:00,8.70,7.15,495e3,1e3
2022-12-15 07:00,9.94,7.24,572e3,786
2022-12-15 08:00,10.77,7.04,572e3,869
2022-12-15 09:00,12.56,7.31,651e3,853
2022-12-15 10:00,12.69,7.28,677e3,901
2022-12-15 11:00,13.43,7.36,713e3,890
2022-12-15 12:00,11.63,7.13,591e3,1.08e3
2022-12-15 13:00,10.25,7.40,474e3,1.14e3
2022-12-15 14:00,8.30,7.08,433e3,1.27e3
2022-12-15 15:00,9.21,6.88,452e3,1.38e3
2022-12-15 16:00,7.05,6.63,344e3,1.66e3
2022-12-15 17:00,6.65,4.10,305e3,1.67e3
2022-12-15 18:00,6.87,3.54,288e3,1.64e3
2022-12-15 19:00,6.40,2.98,269e3,1.42e3
2022-12-15 20:00,5.86,3.15,213e3,1.75e3
2022-12-15 21:00,7.01,3.05,200e3,1.72e3
2022-12-15 22:00,5.50,3.19,183e3,1.84e3
2022-12-15 23:00,5.53,3.04,208e3,1.61e3
2022-12-16 00:00,5.06,3.62,236e3,1.48e3
2022-12-16 01:00,6.78,3.40,289e3,1.22e3
2022-12-16 02:00,8.89,4.24,511e3,730
2022-12-16 03:00,11.28,5.03,690e3,608
2022-12-16 04:00,12.25,4.75,587e3,729
2022-12-16 05:00,10.85,4.55,482e3,841
2022-12-16 06:00,9.94,4.82,399e3,1.08e3
2022-12-16 07:00,10.58,4.96,462e3,933
2022-12-16 08:00,11.15,5.40,482e3,1e3
2022-12-16 09:00,11.67,5.54,471e3,1.14e3
2022-12-16 10:00,12.14,5.47,534e3,998
2022-12-16 11:00,10.47,5.27,521e3,940
2022-12-16 12:00,9.33,5.37,452e3,1.16e3
2022-12-16 13:00,7.53,5.01,349e3,1.29e3
2022-12-16 14:00,8.30,4.93,360e3,1.12e3
2022-12-16 15:00,8.55,4.97,357e3,1.25e3
2022-12-16 16:00,5.83,4.88,281e3,1.4e3
2022-12-16 17:00,6.00,5.26,275e3,1.33e3
2022-12-16 18:00,6.01,5.38,228e3,1.79e3
2022-12-16 19:00,5.60,4.52,209e3,1.8e3
2022-12-16 20:00,5.30,4.48,185e3,1.98e3
2022-12-16 21:00,5.86,4.16,179e3,2e3
2022-12-16 22:00,4.89,4.26,161e3,2.2e3
2022-12-16 23:00,4.91,4.01,180e3,1.89e3
2022-12-17 00:00,4.98,4.13,190e3,1.8e3
2022-12-17 01:00,5.78,3.97,197e3,1.75e3
2022-12-17 02:00,6.23,4.12,244e3,1.43e3
2022-12-17 03:00,5.72,4.16,256e3,1.35e3
2022-12-17 04:00,5.43,4.22,146e3,2.43e3
2022-12-17 05:00,5.34,4.08,161e3,2.06e3
2022-12-17 06:00,4.94,4.34,132e3,2.75e3
2022-12-17 07:00,4.30,4.17,135e3,2.52e3
2022-12-17 08:00,4.78,4.29,141e3,2.48e3
2022-12-17 09:00,5.62,4.09,158e3,2.24e3
2022-12-17 10:00,5.02,4.19,126e3,2.76e3
2022-12-17 11:00,4.92,4.11,135e3,2.46e3
2022-12-17 12:00,4.19,4.42,127e3,2.61e3
2022-12-17 13:00,4.49,4.18,132e3,2.47e3
2022-12-17 14:00,4.44,4.36,130e3,2.53e3
2022-12-17 15:00,4.60,4.15,137e3,2.35e3
2022-12-17 16:00,4.37,4.16,119e3,2.76e3
2022-12-17 17:00,4.70,4.06,134e3,2.38e3
2022-12-17 18:00,4.27,4.35,119e3,2.78e3
2022-12-17 19:00,5.14,4.01,151e3,2.15e3
2022-12-17 20:00,4.28,4.13,144e3,2.28e3
2022-12-17 21:00,5.51,4.10,151e3,2.25e3
2022-12-17 22:00,5.06,4.14,141e3,2.32e3
2022-12-17 23:00,5.11,3.95,166e3,1.97e3
2022-12-18 00:00,4.90,4.40,207e3,1.68e3
2022-12-18 01:00,5.96,4.05,182e3,1.88e3
2022-12-18 02:00,6.39,4.23,231e3,1.43e3
2022-12-18 03:00,6.12,4.23,249e3,1.29e3
2022-12-18 04:00,5.17,4.16,141e3,2.37e3
2022-12-18 05:00,4.92,4.01,137e3,2.4e3
2022-12-18 06:00,4.78,4.56,130e3,2.54e3
2022-12-18 07:00,4.95,4.15,142e3,2.3e3
2022-12-18 08:00,4.63,4.21,148e3,2.26e3
2022-12-18 09:00,5.12,4.23,156e3,2.17e3
2022-12-18 10:00,3.99,4.25,122e3,2.79e3
2022-12-18 11:00,4.78,4.17,139e3,2.45e3
2022-12-18 12:00,4.55,4.47,129e3,2.64e3
2022-12-18 13:00,4.35,4.17,126e3,2.62e3
2022-12-18 14:00,4.38,4.32,123e3,2.65e3
2022-12-18 15:00,4.26,4.34,142e3,2.37e3
2022-12-18 16:00,4.41,4.37,130e3,2.6e3
2022-12-18 17:00,4.09,4.17,132e3,2.46e3
2022-12-18 18:00,4.29,4.34,104e3,3.32e3
2022-12-18 19:00,4.53,3.92,127e3,2.56e3
2022-12-18 20:00,4.27,4.11,134e3,2.49e3
2022-12-18 21:00,4.93,4.10,127e3,2.65e3
2022-12-18 22:00,4.71,4.40,138e3,2.48e3
2022-12-18 23:00,4.27,4.29,183e3,1.75e3
2022-12-19 00:00,5.42,4.70,229e3,1.5e3
2022-12-19 01:00,6.71,4.37,265e3,1.3e3
2022-12-19 02:00,8.92,5.45,413e3,926
2022-12-19 03:00,11.13,5.73,599e3,719
2022-12-19 04:00,10.11,5.28,536e3,815
2022-12-19 05:00,9.41,5.13,481e3,927
2022-12-19 06:00,8.22,5.19,397e3,1.13e3
2022-12-19 07:00,10.95,6.09,531e3,819
2022-12-19 08:00,9.96,6.05,499e3,941
2022-12-19 09:00,11.55,6.14,543e3,983
2022-12-19 10:00,10.78,6.30,599e3,1.02e3
2022-12-19 11:00,11.77,5.94,649e3,933
2022-12-19 12:00,10.68,5.76,579e3,999
2022-12-19 13:00,8.59,5.42,431e3,1.18e3
2022-12-19 14:00,7.61,5.49,384e3,1.25e3
2022-12-19 15:00,7.20,5.43,403e3,1.24e3
2022-12-19 16:00,6.82,5.25,306e3,1.57e3
2022-12-19 17:00,5.98,4.90,327e3,1.45e3
2022-12-19 18:00,6.03,5.32,235e3,1.74e3
2022-12-19 19:00,5.58,4.66,219e3,1.76e3
2022-12-19 20:00,4.57,4.79,180e3,2.06e3
2022-12-19 21:00,5.18,4.81,161e3,2.25e3
2022-12-19 22:00,4.46,4.90,162e3,2.22e3
2022-12-19 23:00,4.45,4.75,205e3,1.72e3
2022-12-20 00:00,4.85,5.23,246e3,1.48e3
2022-12-20 01:00,6.56,4.81,250e3,1.49e3
2022-12-20 02:00,8.11,6.11,485e3,877
2022-12-20 03:00,10.86,6.45,579e3,792
2022-12-20 04:00,10.61,6.09,641e3,808
2022-12-20 05:00,9.58,5.97,524e3,882
2022-12-20 06:00,8.51,6.51,436e3,1.1e3
2022-12-20 07:00,9.88,6.75,492e3,945
2022-12-20 08:00,10.73,6.51,556e3,840
2022-12-20 09:00,11.16,6.41,580e3,928
2022-12-20 10:00,11.85,6.79,635e3,945
2022-12-20 11:00,12.29,6.54,645e3,935
2022-12-20 12:00,11.29,6.45,528e3,1.01e3
2022-12-20 13:00,8.34,6.10,386e3,1.29e3
2022-12-20 14:00,8.24,5.67,370e3,1.26e3
2022-12-20 15:00,8.07,5.66,382e3,1.24e3
2022-12-20 16:00,6.80,5.42,344e3,1.38e3
2022-12-20 17:00,6.96,5.32,291e3,1.48e3
2022-12-20 18:00,6.05,5.53,231e3,1.84e3
2022-12-20 19:00,5.20,5.12,195e3,1.98e3
2022-12-20 20:00,5.24,4.98,187e3,1.97e3
2022-12-20 21:00,5.11,4.93,180e3,2.08e3
2022-12-20 22:00,5.02,4.92,170e3,2.17e3
2022-12-20 23:00,5.10,4.91,202e3,1.79e3
2022-12-21 00:00,4.82,5.17,237e3,1.54e3
2022-12-21 01:00,5.98,5.18,298e3,1.23e3
2022-12-21 02:00,8.27,5.96,481e3,793
2022-12-21 03:00,10.49,6.33,604e3,693
2022-12-21 04:00,10.91,6.71,566e3,786
2022-12-21 05:00,9.71,6.18,465e3,872
2022-12-21 06:00,8.04,6.32,387e3,1.08e3
2022-12-21 07:00,9.45,6.34,491e3,820
2022-12-21 08:00,9.87,6.31,497e3,863
2022-12-21 09:00,10.89,6.54,518e3,940
2022-12-21 10:00,10.38,6.66,583e3,876
2022-12-21 11:00,10.46,6.35,639e3,776
2022-12-21 12:00,8.90,6.29,483e3,1.03e3
2022-12-21 13:00,7.31,5.60,375e3,1.2e3
2022-12-21 14:00,7.30,5.83,321e3,1.32e3
2022-12-21 15:00,7.13,5.82,358e3,1.22e3
2022-12-21 16:00,7.04,5.83,330e3,1.34e3
2022-12-21 17:00,6.68,5.37,311e3,1.32e3
2022-12-21 18:00,5.95,5.54,254e3,1.66e3
2022-12-21 19:00,6.04,5.09,211e3,1.78e3
2022-12-21 20:00,5.19,5.19,190e3,1.9e3
2022-12-21 21:00,5.54,5.02,178e3,2.04e3
2022-12-21 22:00,5.30,5.19,170e3,2.08e3
2022-12-21 23:00,5.40,5.13,193e3,1.88e3
2022-12-22 00:00,5.08,5.23,268e3,1.3e3
2022-12-22 01:00,6.42,5.11,222e3,1.59e3
2022-12-22 02:00,7.69,5.85,472e3,832
2022-12-22 03:00,10.04,6.25,614e3,665
2022-12-22 04:00,9.54,5.94,506e3,886
2022-12-22 05:00,9.55,6.61,441e3,962
2022-12-22 06:00,8.35,6.61,387e3,1.16e3
2022-12-22 07:00,9.01,6.58,447e3,944
2022-12-22 08:00,8.77,6.54,476e3,949
2022-12-22 09:00,9.46,6.55,512e3,942
2022-12-22 10:00,9.72,6.74,507e3,1.02e3
2022-12-22 11:00,10.25,6.34,501e3,1.01e3
2022-12-22 12:00,8.72,6.94,417e3,1.22e3
2022-12-22 13:00,7.37,6.45,312e3,1.39e3
2022-12-22 14:00,7.57,6.38,278e3,1.49e3
2022-12-22 15:00,6.21,6.37,281e3,1.54e3
2022-12-22 16:00,6.35,6.34,285e3,1.48e3
2022-12-22 17:00,6.45,5.64,261e3,1.59e3
2022-12-22 18:00,5.50,5.73,206e3,2.01e3
2022-12-22 19:00,4.72,5.46,193e3,2.02e3
2022-12-22 20:00,4.35,5.26,134e3,2.8e3
2022-12-22 21:00,5.17,5.13,169e3,2.22e3
2022-12-22 22:00,4.77,5.29,136e3,2.62e3
2022-12-22 23:00,5.08,5.19,164e3,2.19e3
2022-12-23 00:00,5.07,5.41,217e3,1.7e3
2022-12-23 01:00,6.81,5.46,280e3,1.39e3
2022-12-23 02:00,7.22,6.07,315e3,1.22e3
2022-12-23 03:00,9.47,6.66,490e3,847
2022-12-23 04:00,10.05,6.94,419e3,1.05e3
2022-12-23 05:00,8.59,6.46,389e3,1.04e3
2022-12-23 06:00,6.51,6.52,310e3,1.3e3
2022-12-23 07:00,8.31,6.69,370e3,1.09e3
2022-12-23 08:00,7.98,6.82,394e3,1.03e3
2022-12-23 09:00,9.29,6.82,414e3,1.11e3
2022-12-23 10:00,8.62,6.72,418e3,1.08e3
2022-12-23 11:00,8.72,6.23,399e3,1.08e3
2022-12-23 12:00,7.39,6.27,326e3,1.31e3
2022-12-23 13:00,6.07,5.63,219e3,1.72e3
2022-12-23 14:00,6.15,5.88,228e3,1.72e3
2022-12-23 15:00,5.68,5.94,249e3,1.71e3
2022-12-23 16:00,5.55,5.85,185e3,2.14e3
2022-12-23 17:00,5.59,5.49,198e3,1.92e3
2022-12-23 18:00,4.94,5.49,159e3,2.38e3
2022-12-23 19:00,4.10,5.26,152e3,2.29e3
2022-12-23 20:00,4.27,5.29,115e3,2.99e3
2022-12-23 21:00,5.63,5.15,127e3,2.79e3
2022-12-23 22:00,4.20,5.31,112e3,3.08e3
2022-12-23 23:00,4.10,5.21,116e3,2.92e3
2022-12-24 00:00,3.79,5.29,112e3,3.13e3
2022-12-24 01:00,4.91,5.12,122e3,2.86e3
2022-12-24 02:00,5.58,5.30,208e3,1.66e3
2022-12-24 03:00,4.42,5.25,224e3,1.51e3
2022-12-24 04:00,3.65,5.37,114e3,2.96e3
2022-12-24 05:00,4.25,5.22,128e3,2.66e3
2022-12-24 06:00,3.88,5.71,122e3,2.92e3
2022-12-24 07:00,3.45,5.20,117e3,2.83e3
2022-12-24 08:00,3.88,5.24,122e3,2.77e3
2022-12-24 09:00,4.41,5.20,122e3,2.86e3
2022-12-24 10:00,3.93,5.40,104e3,3.28e3
2022-12-24 11:00,4.49,5.18,126e3,2.67e3
2022-12-24 12:00,3.91,5.49,123e3,2.81e3
2022-12-24 13:00,4.11,5.13,120e3,2.75e3
2022-12-24 14:00,3.93,5.31,106e3,3.21e3
2022-12-24 15:00,4.12,5.28,120e3,2.82e3
2022-12-24 16:00,4.36,5.27,119e3,2.89e3
2022-12-24 17:00,3.53,5.23,117e3,2.87e3
2022-12-24 18:00,3.65,5.60,103e3,3.36e3
2022-12-24 19:00,3.80,5.12,113e3,2.97e3
2022-12-24 20:00,4.13,5.36,113e3,2.96e3
2022-12-24 21:00,4.40,5.27,105e3,3.2e3
2022-12-24 22:00,3.83,5.37,113e3,2.96e3
2022-12-24 23:00,4.15,5.12,141e3,2.37e3
2022-12-25 00:00,4.14,5.53,192e3,1.81e3
2022-12-25 01:00,4.93,5.18,128e3,2.73e3
2022-12-25 02:00,3.78,5.36,107e3,3.15e3
2022-12-25 03:00,4.26,5.43,118e3,2.9e3
2022-12-25 04:00,4.48,5.38,118e3,2.98e3
2022-12-25 05:00,4.63,5.22,123e3,2.8e3
2022-12-25 06:00,3.62,5.72,108e3,3.21e3
2022-12-25 07:00,3.08,5.27,122e3,2.73e3
2022-12-25 08:00,3.33,5.39,121e3,2.82e3
2022-12-25 09:00,4.78,5.29,130e3,2.65e3
2022-12-25 10:00,3.76,5.33,115e3,2.93e3
2022-12-25 11:00,4.62,5.05,135e3,2.53e3
2022-12-25 12:00,4.22,5.56,123e3,2.89e3
2022-12-25 13:00,3.96,5.09,124e3,2.7e3
2022-12-25 14:00,4.36,5.22,121e3,2.9e3
2022-12-25 15:00,4.31,5.38,134e3,2.57e3
2022-12-25 16:00,4.28,5.25,127e3,2.77e3
2022-12-25 17:00,4.56,5.11,130e3,2.63e3
2022-12-25 18:00,4.03,5.56,105e3,3.32e3
2022-12-25 19:00,3.70,5.19,114e3,2.99e3
2022-12-25 20:00,3.85,5.33,118e3,2.93e3
2022-12-25 21:00,5.04,5.29,124e3,2.9e3
2022-12-25 22:00,4.09,5.33,122e3,2.85e3
2022-12-25 23:00,4.45,5.19,150e3,2.32e3
2022-12-26 00:00,4.49,5.67,206e3,1.77e3
2022-12-26 01:00,5.62,5.31,175e3,1.99e3
2022-12-26 02:00,6.43,6.31,388e3,938
2022-12-26 03:00,8.75,6.85,542e3,726
2022-12-26 04:00,8.31,6.25,372e3,1.06e3
2022-12-26 05:00,7.05,5.92,325e3,1.2e3
2022-12-26 06:00,6.08,6.02,268e3,1.49e3
2022-12-26 07:00,6.61,5.84,461e3,883
2022-12-26 08:00,7.05,6.09,300e3,1.35e3
2022-12-26 09:00,8.16,6.31,376e3,1.16e3
2022-12-26 10:00,7.91,6.42,351e3,1.29e3
2022-12-26 11:00,6.22,6.30,336e3,1.3e3
2022-12-26 12:00,5.44,6.28,256e3,1.63e3
2022-12-26 13:00,5.38,5.52,199e3,2e3
2022-12-26 14:00,5.19,5.73,188e3,1.95e3
2022-12-26 15:00,5.43,5.74,227e3,1.66e3
2022-12-26 16:00,5.41,5.48,197e3,2.02e3
2022-12-26 17:00,4.86,5.36,188e3,2.14e3
2022-12-26 18:00,4.95,5.71,149e3,2.51e3
2022-12-26 19:00,4.32,5.30,136e3,2.64e3
2022-12-26 20:00,4.26,5.34,123e3,2.85e3
2022-12-26 21:00,4.98,5.24,138e3,2.59e3
2022-12-26 22:00,4.31,5.40,116e3,3e3
2022-12-26 23:00,4.34,5.29,156e3,2.23e3
2022-12-27 00:00,4.72,5.69,189e3,1.89e3
2022-12-27 01:00,6.24,5.43,220e3,1.67e3
2022-12-27 02:00,6.71,5.96,304e3,1.18e3
2022-12-27 03:00,8.71,6.22,469e3,841
2022-12-27 04:00,8.20,6.19,408e3,991
2022-12-27 05:00,7.13,5.86,349e3,1.2e3
2022-12-27 06:00,5.87,6.24,298e3,1.42e3
2022-12-27 07:00,7.82,6.32,405e3,1.04e3
2022-12-27 08:00,7.84,5.97,401e3,1.05e3
2022-12-27 09:00,8.71,5.93,410e3,1.05e3
2022-12-27 10:00,8.98,6.15,453e3,1.04e3
2022-12-27 11:00,7.61,5.91,421e3,1.07e3
2022-12-27 12:00,6.43,6.53,347e3,1.25e3
2022-12-27 13:00,5.71,6.26,249e3,1.66e3
2022-12-27 14:00,5.49,5.66,238e3,1.55e3
2022-12-27 15:00,5.28,5.59,277e3,1.41e3
2022-12-27 16:00,5.80,6.02,255e3,1.52e3
2022-12-27 17:00,5.76,5.57,264e3,1.41e3
2022-12-27 18:00,5.37,5.98,180e3,2.09e3
2022-12-27 19:00,5.03,5.32,160e3,2.2e3
2022-12-27 20:00,4.88,5.53,132e3,2.74e3
2022-12-27 21:00,5.14,5.42,129e3,2.68e3
2022-12-27 22:00,4.86,5.60,125e3,2.78e3
2022-12-27 23:00,5.32,5.48,173e3,1.97e3
2022-12-28 00:00,4.84,5.82,232e3,1.55e3
2022-12-28 01:00,6.24,5.44,217e3,1.65e3
2022-12-28 02:00,7.62,6.08,485e3,748
2022-12-28 03:00,9.63,6.09,720e3,542
2022-12-28 04:00,9.13,6.10,602e3,702
2022-12-28 05:00,8.25,6.06,409e3,1.01e3
2022-12-28 06:00,6.01,6.18,313e3,1.33e3
2022-12-28 07:00,7.42,6.22,408e3,967
2022-12-28 08:00,7.84,6.16,429e3,1e3
2022-12-28 09:00,9.33,6.80,407e3,1.16e3
2022-12-28 10:00,9.24,7.14,440e3,1.1e3
2022-12-28 11:00,8.32,6.85,441e3,1.06e3
2022-12-28 12:00,5.72,6.98,303e3,1.5e3
2022-12-28 13:00,6.16,6.14,244e3,1.68e3
2022-12-28 14:00,6.02,5.78,238e3,1.69e3
2022-12-28 15:00,6.09,6.14,247e3,1.81e3
2022-12-28 16:00,5.30,6.46,210e3,2.15e3
2022-12-28 17:00,5.66,5.79,207e3,2.02e3
2022-12-28 18:00,4.97,5.75,175e3,2.37e3
2022-12-28 19:00,5.08,5.46,156e3,2.4e3
2022-12-28 20:00,4.81,5.41,142e3,2.63e3
2022-12-28 21:00,5.15,5.40,136e3,2.72e3
2022-12-28 22:00,4.42,5.57,133e3,2.68e3
2022-12-28 23:00,4.82,5.49,171e3,2.06e3
2022-12-29 00:00,4.46,5.86,219e3,1.62e3
2022-12-29 01:00,5.71,5.70,193e3,1.82e3
2022-12-29 02:00,6.76,6.40,415e3,833
2022-12-29 03:00,8.08,6.66,524e3,726
2022-12-29 04:00,8.12,6.22,385e3,1.01e3
2022-12-29 05:00,6.63,6.02,301e3,1.22e3
2022-12-29 06:00,5.89,6.56,255e3,1.46e3
2022-12-29 07:00,6.65,6.26,286e3,1.27e3
2022-12-29 08:00,6.42,6.19,296e3,1.35e3
2022-12-29 09:00,7.42,6.31,313e3,1.34e3
2022-12-29 10:00,7.45,6.65,306e3,1.44e3
2022-12-29 11:00,6.74,6.28,295e3,1.42e3
2022-12-29 12:00,6.38,6.20,257e3,1.66e3
2022-12-29 13:00,5.71,5.71,189e3,2.11e3
2022-12-29 14:00,5.38,5.73,167e3,2.28e3
2022-12-29 15:00,5.26,6.17,184e3,2.07e3
2022-12-29 16:00,5.45,6.08,173e3,2.14e3
2022-12-29 17:00,5.35,5.70,176e3,2.19e3
2022-12-29 18:00,4.77,5.81,132e3,2.82e3
2022-12-29 19:00,4.33,5.63,129e3,2.77e3
2022-12-29 20:00,4.10,5.55,115e3,3.11e3
2022-12-29 21:00,5.38,5.54,120e3,3.06e3
2022-12-29 22:00,4.04,5.55,118e3,2.96e3
2022-12-29 23:00,3.62,5.63,128e3,2.64e3
2022-12-30 00:00,4.09,5.89,126e3,2.71e3
2022-12-30 01:00,5.33,5.59,147e3,2.3e3
2022-12-30 02:00,5.66,6.43,223e3,1.52e3
2022-12-30 03:00,6.89,6.67,315e3,1.14e3
2022-12-30 04:00,6.92,6.33,297e3,1.27e3
2022-12-30 05:00,5.86,6.02,238e3,1.55e3
2022-12-30 06:00,5.54,6.27,179e3,2.03e3
2022-12-30 07:00,4.90,6.32,219e3,1.57e3
2022-12-30 08:00,5.12,6.80,240e3,1.5e3
2022-12-30 09:00,6.27,6.23,251e3,1.58e3
2022-12-30 10:00,6.04,6.20,231e3,1.75e3
2022-12-30 11:00,5.93,6.00,229e3,1.74e3
2022-12-30 12:00,5.65,6.45,185e3,2.15e3
2022-12-30 13:00,5.40,6.06,166e3,2.22e3
2022-12-30 14:00,4.71,5.83,160e3,2.28e3
2022-12-30 15:00,4.15,5.87,156e3,2.25e3
2022-12-30 16:00,4.86,5.68,150e3,2.34e3
2022-12-30 17:00,5.23,5.71,154e3,2.23e3
2022-12-30 18:00,4.85,5.73,126e3,2.79e3
2022-12-30 19:00,5.39,5.50,132e3,2.56e3
2022-12-30 20:00,4.51,5.52,120e3,2.79e3
2022-12-30 21:00,4.75,5.58,116e3,2.97e3
2022-12-30 22:00,4.14,5.66,113e3,2.95e3
2022-12-30 23:00,4.28,5.54,125e3,2.64e3
2022-12-31 00:00,4.35,5.78,163e3,2.06e3
2022-12-31 01:00,4.98,5.54,148e3,2.26e3
2022-12-31 02:00,5.42,5.64,212e3,1.6e3
2022-12-31 03:00,4.82,5.67,222e3,1.49e3
2022-12-31 04:00,4.07,5.69,111e3,3.03e3
2022-12-31 05:00,4.29,5.41,131e3,2.53e3
2022-12-31 06:00,3.62,5.94,102e3,3.39e3
2022-12-31 07:00,3.07,5.73,101e3,3.19e3
2022-12-31 08:00,3.45,5.75,105e3,3.23e3
2022-12-31 09:00,5.04,5.63,121e3,2.89e3
2022-12-31 10:00,4.05,5.66,89.1e3,3.76e3
2022-12-31 11:00,4.21,5.51,110e3,3.02e3
2022-12-31 12:00,3.57,5.86,99e3,3.45e3
2022-12-31 13:00,3.97,5.44,103e3,3.13e3
2022-12-31 14:00,3.44,5.62,43.5e3,7.62e3
2022-12-31 15:00,3.57,5.64,57.6e3,5.83e3
2022-12-31 16:00,3.46,5.53,49.5e3,6.8e3
2022-12-31 17:00,3.86,5.40,54.9e3,6.09e3
2022-12-31 18:00,3.62,5.84,41.6e3,8.29e3
2022-12-31 19:00,3.83,5.41,46.2e3,7.16e3
2022-12-31 20:00,3.62,5.53,48.4e3,6.92e3
2022-12-31 21:00,4.52,5.47,62.6e3,5.55e3
2022-12-31 22:00,3.77,5.42,51.4e3,6.58e3
2022-12-31 23:00,3.51,5.42,77.7e3,4.14e3
2023-01-01 00:00,3.61,5.81,132e3,2.5e3
2023-01-01 01:00,3.86,5.34,64.8e3,5.03e3
2023-01-01 02:00,4.61,5.52,159e3,1.98e3
2023-01-01 03:00,4.78,5.61,169e3,1.93e3
2023-01-01 04:00,3.91,5.50,62.3e3,5.38e3
2023-01-01 05:00,4.02,5.35,73.4e3,4.39e3
2023-01-01 06:00,3.42,5.93,52.8e3,6.52e3
2023-01-01 07:00,3.24,5.63,47.5e3,7.13e3
2023-01-01 08:00,4.16,5.81,47.5e3,7.18e3
2023-01-01 09:00,4.29,5.58,61.6e3,5.66e3
2023-01-01 10:00,3.51,5.59,45.3e3,7.38e3
2023-01-01 11:00,2.95,5.45,59.1e3,5.43e3
2023-01-01 12:00,3.41,5.92,63.2e3,5.33e3
2023-01-01 13:00,3.83,5.40,68.2e3,4.63e3
2023-01-01 14:00,3.56,5.66,58.3e3,5.46e3
2023-01-01 15:00,3.69,5.73,55.5e3,5.84e3
2023-01-01 16:00,3.94,5.59,45.4e3,7.17e3
2023-01-01 17:00,3.85,5.38,56.8e3,5.59e3
2023-01-01 18:00,3.75,5.73,37.6e3,8.53e3
2023-01-01 19:00,3.34,5.32,44.8e3,7.17e3
2023-01-01 20:00,4.18,5.45,108e3,3.08e3
2023-01-01 21:00,4.66,5.47,111e3,3.08e3
2023-01-01 22:00,4.03,5.51,122e3,2.78e3
2023-01-01 23:00,4.22,5.47,155e3,2.11e3
2023-01-02 00:00,3.95,5.86,210e3,1.61e3
2023-01-02 01:00,5.39,5.73,179e3,1.98e3
2023-01-02 02:00,9.00,6.83,484e3,784
2023-01-02 03:00,12.43,7.14,677e3,616
2023-01-02 04:00,10.73,6.88,595e3,719
2023-01-02 05:00,9.21,6.47,435e3,930
2023-01-02 06:00,7.57,6.63,339e3,1.33e3
2023-01-02 07:00,8.56,6.46,381e3,1.11e3
2023-01-02 08:00,7.89,6.68,405e3,1.04e3
2023-01-02 09:00,8.63,6.71,463e3,964
2023-01-02 10:00,8.72,7.06,468e3,1.14e3
2023-01-02 11:00,8.84,6.69,447e3,1.14e3
2023-01-02 12:00,8.05,6.41,372e3,1.33e3
2023-01-02 13:00,7.03,6.03,248e3,1.72e3
2023-01-02 14:00,6.25,5.96,234e3,1.72e3
2023-01-02 15:00,5.87,6.31,262e3,1.63e3
2023-01-02 16:00,6.11,5.94,236e3,1.7e3
2023-01-02 17:00,5.67,5.70,212e3,1.94e3
2023-01-02 18:00,4.93,5.95,185e3,2.15e3
2023-01-02 19:00,5.05,5.63,163e3,2.26e3
2023-01-02 20:00,4.70,5.51,137e3,2.62e3
2023-01-02 21:00,5.31,5.66,138e3,2.69e3
2023-01-02 22:00,4.66,5.68,140e3,2.54e3
2023-01-02 23:00,5.60,5.86,196e3,1.85e3
2023-01-03 00:00,5.20,6.13,235e3,1.54e3
2023-01-03 01:00,6.23,5.97,257e3,1.43e3
2023-01-03 02:00,8.63,6.53,495e3,821
2023-01-03 03:00,11.59,7.16,653e3,705
2023-01-03 04:00,10.92,7.36,657e3,716
2023-01-03 05:00,10.80,6.95,530e3,806
2023-01-03 06:00,8.67,7.10,428e3,982
2023-01-03 07:00,10.27,6.92,560e3,734
2023-01-03 08:00,9.67,7.08,526e3,838
2023-01-03 09:00,12.34,7.04,596e3,792
2023-01-03 10:00,11.05,7.53,579e3,908
2023-01-03 11:00,12.68,7.90,638e3,868
2023-01-03 12:00,10.36,7.84,572e3,1000
2023-01-03 13:00,8.84,7.49,481e3,1000
2023-01-03 14:00,8.92,7.65,392e3,1.18e3
2023-01-03 15:00,9.59,7.47,416e3,1.08e3
2023-01-03 16:00,8.32,7.28,346e3,1.32e3
2023-01-03 17:00,7.82,6.75,320e3,1.35e3
2023-01-03 18:00,6.62,6.78,266e3,1.58e3
2023-01-03 19:00,5.68,6.22,233e3,1.5e3
2023-01-03 20:00,4.99,6.11,205e3,1.73e3
2023-01-03 21:00,5.91,6.04,169e3,2.02e3
2023-01-03 22:00,5.11,6.09,165e3,1.99e3
2023-01-03 23:00,6.04,6.17,217e3,1.5e3
2023-01-04 00:00,5.93,6.67,279e3,1.29e3
2023-01-04 01:00,7.55,6.49,257e3,1.39e3
2023-01-04 02:00,9.01,7.38,540e3,744
2023-01-04 03:00,12.11,7.70,733e3,684
2023-01-04 04:00,11.30,7.57,631e3,844
2023-01-04 05:00,11.21,7.19,554e3,861
2023-01-04 06:00,8.16,7.26,492e3,1.04e3
2023-01-04 07:00,10.25,7.80,563e3,912
2023-01-04 08:00,11.50,7.91,536e3,1.08e3
2023-01-04 09:00,11.82,7.86,577e3,1.04e3
2023-01-04 10:00,12.13,7.80,585e3,1.14e3
2023-01-04 11:00,12.66,7.78,682e3,1.01e3
2023-01-04 12:00,11.76,7.77,589e3,1.2e3
2023-01-04 13:00,10.02,7.35,501e3,1.17e3
2023-01-04 14:00,9.10,7.52,406e3,1.3e3
2023-01-04 15:00,8.68,7.86,417e3,1.25e3
2023-01-04 16:00,8.03,7.42,374e3,1.35e3
2023-01-04 17:00,7.77,7.96,356e3,1.37e3
2023-01-04 18:00,7.31,7.62,299e3,1.58e3
2023-01-04 19:00,6.29,6.82,238e3,1.7e3
2023-01-04 20:00,5.95,6.76,221e3,1.73e3
2023-01-04 21:00,5.86,6.61,193e3,1.97e3
2023-01-04 22:00,5.65,6.89,187e3,1.93e3
2023-01-04 23:00,5.76,6.35,207e3,1.71e3
2023-01-05 00:00,5.73,6.90,246e3,1.56e3
2023-01-05 01:00,6.83,6.74,261e3,1.47e3
2023-01-05 02:00,9.44,7.72,530e3,763
2023-01-05 03:00,10.94,7.98,684e3,647
2023-01-05 04:00,11.59,7.65,693e3,671
2023-01-05 05:00,10.77,7.29,524e3,857
2023-01-05 06:00,8.90,7.43,443e3,1.07e3
2023-01-05 07:00,10.07,7.67,532e3,874
2023-01-05 08:00,10.75,7.55,544e3,1.01e3
2023-01-05 09:00,11.93,8.13,588e3,981
2023-01-05 10:00,12.66,8.31,614e3,1.1e3
2023-01-05 11:00,12.31,8.10,635e3,1.08e3
2023-01-05 12:00,12.15,8.18,568e3,1.35e3
2023-01-05 13:00,9.99,7.76,474e3,1.24e3
2023-01-05 14:00,10.19,7.78,459e3,1.15e3
2023-01-05 15:00,8.96,7.93,444e3,1.14e3
2023-01-05 16:00,7.09,7.70,344e3,1.33e3
2023-01-05 17:00,7.07,7.33,351e3,1.21e3
2023-01-05 18:00,5.88,7.61,290e3,1.59e3
2023-01-05 19:00,6.60,6.65,235e3,1.74e3
2023-01-05 20:00,5.80,7.20,202e3,1.96e3
2023-01-05 21:00,4.58,6.45,188e3,1.94e3
2023-01-05 22:00,5.01,6.41,173e3,2.12e3
2023-01-05 23:00,6.04,6.31,211e3,1.74e3
2023-01-06 00:00,5.49,5.70,242e3,1.53e3
2023-01-06 01:00,6.70,5.12,292e3,1.26e3
2023-01-06 02:00,8.70,6.05,394e3,994
2023-01-06 03:00,9.55,6.53,542e3,844
2023-01-06 04:00,10.21,6.55,559e3,878
2023-01-06 05:00,9.69,6.28,504e3,911
2023-01-06 06:00,8.57,6.46,414e3,1.09e3
2023-01-06 07:00,9.02,6.50,458e3,964
2023-01-06 08:00,10.60,6.17,491e3,886
2023-01-06 09:00,9.62,6.32,480e3,946
2023-01-06 10:00,10.56,6.65,546e3,931
2023-01-06 11:00,10.23,6.62,531e3,994
2023-01-06 12:00,9.54,6.62,487e3,1.2e3
2023-01-06 13:00,8.48,6.44,387e3,1.21e3
2023-01-06 14:00,7.52,6.42,321e3,1.35e3
2023-01-06 15:00,6.98,6.69,328e3,1.4e3
2023-01-06 16:00,5.58,6.14,229e3,1.92e3
2023-01-06 17:00,6.72,5.83,272e3,1.56e3
2023-01-06 18:00,5.89,6.10,239e3,1.68e3
2023-01-06 19:00,5.75,6.11,254e3,1.52e3
2023-01-06 20:00,4.89,6.19,189e3,1.9e3
2023-01-06 21:00,5.47,5.78,170e3,2.14e3
2023-01-06 22:00,4.74,5.38,141e3,2.52e3
2023-01-06 23:00,4.83,5.32,155e3,2.19e3
2023-01-07 00:00,4.92,5.59,220e3,1.58e3
2023-01-07 01:00,5.59,5.25,154e3,2.27e3
2023-01-07 02:00,3.80,5.37,231e3,1.47e3
2023-01-07 03:00,4.92,5.50,223e3,1.53e3
2023-01-07 04:00,5.33,5.35,237e3,1.46e3
2023-01-07 05:00,4.81,5.20,149e3,2.33e3
2023-01-07 06:00,3.96,5.66,116e3,3.08e3
2023-01-07 07:00,4.95,5.29,127e3,2.78e3
2023-01-07 08:00,4.52,5.40,119e3,2.94e3
2023-01-07 09:00,5.55,5.32,118e3,3.03e3
2023-01-07 10:00,4.72,5.38,113e3,3.13e3
2023-01-07 11:00,5.29,5.24,127e3,2.69e3
2023-01-07 12:00,4.68,5.58,133e3,2.62e3
2023-01-07 13:00,5.35,5.20,141e3,2.4e3
2023-01-07 14:00,4.02,5.47,125e3,2.68e3
2023-01-07 15:00,4.24,5.36,131e3,2.59e3
2023-01-07 16:00,4.13,5.47,127e3,2.67e3
2023-01-07 17:00,3.83,5.19,88.7e3,3.76e3
2023-01-07 18:00,4.27,5.44,101e3,3.37e3
2023-01-07 19:00,4.32,5.22,112e3,2.97e3
2023-01-07 20:00,4.52,5.34,125e3,2.71e3
2023-01-07 21:00,4.85,5.29,129e3,2.66e3
2023-01-07 22:00,4.77,5.44,131e3,2.62e3
2023-01-07 23:00,4.01,5.34,144e3,2.33e3
2023-01-08 00:00,4.56,5.66,212e3,1.67e3
2023-01-08 01:00,5.32,5.15,136e3,2.53e3
2023-01-08 02:00,4.12,5.30,223e3,1.55e3
2023-01-08 03:00,3.90,5.20,222e3,1.52e3
2023-01-08 04:00,3.86,5.12,123e3,2.64e3
2023-01-08 05:00,2.51,4.08,125e3,2.05e3
2023-01-08 06:00,3.60,4.16,150e3,1.89e3
2023-01-08 07:00,4.15,4.08,137e3,1.97e3
2023-01-08 08:00,3.79,4.44,148e3,1.91e3
2023-01-08 09:00,3.70,4.42,152e3,1.83e3
2023-01-08 10:00,3.52,4.15,122e3,2.25e3
2023-01-08 11:00,3.56,4.28,137e3,2.11e3
2023-01-08 12:00,3.24,4.53,133e3,2.15e3
2023-01-08 13:00,3.08,4.24,148e3,1.89e3
2023-01-08 14:00,3.32,4.24,140e3,2.01e3
2023-01-08 15:00,3.47,4.50,138e3,2.13e3
2023-01-08 16:00,3.83,4.19,138e3,2.05e3
2023-01-08 17:00,3.32,4.22,154e3,1.82e3
2023-01-08 18:00,2.76,3.91,94.8e3,3.05e3
2023-01-08 19:00,2.58,3.01,129e3,2.81e3
2023-01-08 20:00,2.62,3.07,126e3,2.8e3
2023-01-08 21:00,2.94,3.13,143e3,2.46e3
2023-01-08 22:00,3.58,3.12,155e3,2.29e3
2023-01-08 23:00,3.74,3.36,204e3,1.78e3
2023-01-09 00:00,3.97,3.75,269e3,1.41e3
2023-01-09 01:00,5.18,3.93,265e3,1.45e3
2023-01-09 02:00,8.37,4.64,581e3,695
2023-01-09 03:00,11.02,5.01,764e3,605
2023-01-09 04:00,11.12,5.14,651e3,711
2023-01-09 05:00,10.12,4.82,653e3,718
2023-01-09 06:00,7.95,5.09,492e3,973
2023-01-09 07:00,9.19,5.15,572e3,801
2023-01-09 08:00,9.49,5.31,591e3,822
2023-01-09 09:00,11.29,5.50,606e3,977
2023-01-09 10:00,13.22,5.48,685e3,1.19e3
2023-01-09 11:00,13.92,5.69,712e3,1.12e3
2023-01-09 12:00,12.82,5.81,645e3,1.03e3
2023-01-09 13:00,10.25,6.19,538e3,1.1e3
2023-01-09 14:00,10.05,6.25,441e3,1.24e3
2023-01-09 15:00,9.37,6.26,460e3,1.21e3
2023-01-09 16:00,7.48,6.00,339e3,1.5e3
2023-01-09 17:00,7.71,5.64,334e3,1.45e3
2023-01-09 18:00,7.96,6.08,307e3,1.57e3
2023-01-09 19:00,6.02,5.78,240e3,1.76e3
2023-01-09 20:00,4.98,4.76,230e3,1.74e3
2023-01-09 21:00,5.36,4.61,199e3,2.02e3
2023-01-09 22:00,4.30,4.44,163e3,2.42e3
2023-01-09 23:00,4.69,4.74,210e3,1.8e3
2023-01-10 00:00,5.38,5.04,307e3,1.33e3
2023-01-10 01:00,7.19,5.15,284e3,1.5e3
2023-01-10 02:00,10.05,6.02,625e3,680
2023-01-10 03:00,11.59,6.17,820e3,615
2023-01-10 04:00,11.34,5.83,676e3,738
2023-01-10 05:00,10.62,5.65,586e3,805
2023-01-10 06:00,9.61,5.86,506e3,995
2023-01-10 07:00,11.98,6.05,658e3,806
2023-01-10 08:00,11.47,6.13,721e3,714
2023-01-10 09:00,12.83,6.10,743e3,764
2023-01-10 10:00,13.60,6.37,785e3,799
2023-01-10 11:00,14.53,6.34,808e3,827
2023-01-10 12:00,12.06,6.32,684e3,1e3
2023-01-10 13:00,12.03,6.79,555e3,1.1e3
2023-01-10 14:00,9.93,6.41,487e3,1.12e3
2023-01-10 15:00,10.06,6.70,494e3,1.2e3
2023-01-10 16:00,9.54,6.78,386e3,1.36e3
2023-01-10 17:00,7.91,6.71,365e3,1.35e3
2023-01-10 18:00,8.03,6.23,365e3,1.26e3
2023-01-10 19:00,7.17,5.90,280e3,1.52e3
2023-01-10 20:00,6.33,5.59,274e3,1.57e3
2023-01-10 21:00,5.89,5.05,234e3,1.71e3
2023-01-10 22:00,5.59,4.97,208e3,1.83e3
2023-01-10 23:00,6.11,5.38,257e3,1.51e3
2023-01-11 00:00,5.95,6.10,319e3,1.29e3
2023-01-11 01:00,7.68,5.96,377e3,1.15e3
2023-01-11 02:00,11.81,6.71,704e3,648
2023-01-11 03:00,14.51,6.91,904e3,624
2023-01-11 04:00,14.23,6.92,914e3,617
2023-01-11 05:00,12.56,6.69,695e3,731
2023-01-11 06:00,11.57,6.64,612e3,836
2023-01-11 07:00,12.07,6.42,711e3,778
2023-01-11 08:00,11.55,6.47,656e3,810
2023-01-11 09:00,12.70,6.82,732e3,821
2023-01-11 10:00,11.91,6.87,808e3,815
2023-01-11 11:00,13.60,7.01,914e3,706
2023-01-11 12:00,11.84,7.08,741e3,940
2023-01-11 13:00,9.03,6.76,589e3,895
2023-01-11 14:00,8.38,6.93,496e3,996
2023-01-11 15:00,9.00,7.10,483e3,983
2023-01-11 16:00,7.32,7.03,402e3,1.1e3
2023-01-11 17:00,5.49,6.94,350e3,1.21e3
2023-01-11 18:00,5.52,6.92,319e3,1.31e3
2023-01-11 19:00,4.08,6.18,274e3,1.4e3
2023-01-11 20:00,3.15,6.34,182e3,2e3
2023-01-11 21:00,4.05,5.61,202e3,1.77e3
2023-01-11 22:00,3.84,5.84,204e3,1.72e3
2023-01-11 23:00,4.09,5.74,287e3,1.27e3
2023-01-12 00:00,5.02,5.99,318e3,1.16e3
2023-01-12 01:00,5.61,5.96,299e3,1.18e3
2023-01-12 02:00,8.67,6.82,630e3,609
2023-01-12 03:00,10.98,7.16,848e3,509
2023-01-12 04:00,11.37,7.25,731e3,625
2023-01-12 05:00,8.75,7.10,647e3,658
2023-01-12 06:00,8.69,6.99,525e3,905
2023-01-12 07:00,10.58,6.98,658e3,675
2023-01-12 08:00,12.04,7.14,645e3,742
2023-01-12 09:00,12.37,7.23,669e3,897
2023-01-12 10:00,12.20,7.22,725e3,871
2023-01-12 11:00,13.61,7.46,858e3,702
2023-01-12 12:00,12.67,7.50,678e3,902
2023-01-12 13:00,8.90,7.31,550e3,948
2023-01-12 14:00,8.23,7.22,492e3,958
2023-01-12 15:00,6.93,7.35,453e3,1.21e3
2023-01-12 16:00,6.08,7.09,348e3,1.28e3
2023-01-12 17:00,6.58,7.17,379e3,1.17e3
2023-01-12 18:00,6.00,7.11,292e3,1.53e3
2023-01-12 19:00,5.30,6.42,284e3,1.32e3
2023-01-12 20:00,3.32,6.58,239e3,1.49e3
2023-01-12 21:00,2.95,6.18,197e3,1.86e3
2023-01-12 22:00,3.14,5.97,177e3,1.93e3
2023-01-12 23:00,3.69,5.80,229e3,1.52e3
2023-01-13 00:00,4.26,6.25,305e3,1.21e3
2023-01-13 01:00,5.42,6.28,281e3,1.34e3
2023-01-13 02:00,6.95,6.84,546e3,723
2023-01-13 03:00,9.57,7.20,670e3,624
2023-01-13 04:00,8.70,7.14,685e3,597
2023-01-13 05:00,6.80,6.96,510e3,753
2023-01-13 06:00,6.83,7.20,422e3,980
2023-01-13 07:00,8.06,7.56,503e3,819
2023-01-13 08:00,8.34,7.61,512e3,844
2023-01-13 09:00,9.45,7.63,584e3,831
2023-01-13 10:00,9.65,7.63,546e3,940
2023-01-13 11:00,10.22,7.74,588e3,844
2023-01-13 12:00,9.50,7.57,555e3,1.04e3
2023-01-13 13:00,7.66,7.30,424e3,1.1e3
2023-01-13 14:00,5.79,7.64,336e3,1.22e3
2023-01-13 15:00,6.36,7.42,432e3,1.02e3
2023-01-13 16:00,4.81,7.38,317e3,1.32e3
2023-01-13 17:00,4.20,6.96,300e3,1.36e3
2023-01-13 18:00,4.39,7.14,248e3,1.52e3
2023-01-13 19:00,3.55,6.51,198e3,1.77e3
2023-01-13 20:00,4.38,6.31,182e3,1.96e3
2023-01-13 21:00,3.12,6.35,124e3,2.74e3
2023-01-13 22:00,2.61,6.23,106e3,3.19e3
2023-01-13 23:00,2.28,5.58,155e3,2.15e3
2023-01-14 00:00,2.63,6.01,196e3,1.77e3
2023-01-14 01:00,2.81,5.64,144e3,2.37e3
2023-01-14 02:00,2.59,5.93,193e3,1.73e3
2023-01-14 03:00,2.82,6.03,189e3,1.78e3
2023-01-14 04:00,3.05,5.98,219e3,1.54e3
2023-01-14 05:00,1.83,5.80,154e3,2.12e3
2023-01-14 06:00,2.04,6.59,120e3,2.9e3
2023-01-14 07:00,2.48,5.81,137e3,2.42e3
2023-01-14 08:00,2.94,6.14,140e3,2.41e3
2023-01-14 09:00,2.76,5.98,136e3,2.48e3
2023-01-14 10:00,2.15,6.19,132e3,2.54e3
2023-01-14 11:00,2.77,5.74,142e3,2.35e3
2023-01-14 12:00,3.28,6.32,143e3,2.34e3
2023-01-14 13:00,3.04,5.79,162e3,2e3
2023-01-14 14:00,3.77,5.91,158e3,2.14e3
2023-01-14 15:00,2.82,6.21,159e3,2.11e3
2023-01-14 16:00,2.61,5.87,146e3,2.36e3
2023-01-14 17:00,1.73,5.74,131e3,2.48e3
2023-01-14 18:00,2.30,6.37,117e3,2.89e3
2023-01-14 19:00,2.42,5.53,127e3,2.58e3
2023-01-14 20:00,1.90,5.97,115e3,2.87e3
2023-01-14 21:00,2.78,5.77,141e3,2.41e3
2023-01-14 22:00,2.42,5.92,109e3,2.99e3
2023-01-14 23:00,2.03,5.62,144e3,2.29e3
2023-01-15 00:00,2.85,5.86,209e3,1.64e3
2023-01-15 01:00,3.74,5.55,146e3,2.34e3
2023-01-15 02:00,3.17,5.69,136e3,2.47e3
2023-01-15 03:00,3.03,5.79,165e3,2.04e3
2023-01-15 04:00,2.54,5.83,161e3,2.1e3
2023-01-15 05:00,1.80,5.57,146e3,2.28e3
2023-01-15 06:00,2.63,6.37,139e3,2.58e3
2023-01-15 07:00,2.47,5.88,141e3,2.43e3
2023-01-15 08:00,2.04,6.07,125e3,2.67e3
2023-01-15 09:00,1.68,5.88,135e3,2.54e3
2023-01-15 10:00,2.58,5.89,133e3,2.59e3
2023-01-15 11:00,2.11,5.71,137e3,2.45e3
2023-01-15 12:00,2.17,6.40,140e3,2.45e3
2023-01-15 13:00,2.08,5.75,140e3,2.38e3
2023-01-15 14:00,2.52,6.04,133e3,2.61e3
2023-01-15 15:00,2.71,5.78,136e3,2.52e3
2023-01-15 16:00,1.96,6.07,133e3,2.51e3
2023-01-15 17:00,1.71,5.62,146e3,2.21e3
2023-01-15 18:00,1.97,6.22,120e3,2.79e3
2023-01-15 19:00,2.22,5.60,127e3,2.55e3
2023-01-15 20:00,2.66,5.76,122e3,2.69e3
2023-01-15 21:00,2.35,5.71,125e3,2.66e3
2023-01-15 22:00,1.82,6.17,142e3,2.3e3
2023-01-15 23:00,2.50,6.16,187e3,1.75e3
2023-01-16 00:00,3.72,6.57,284e3,1.3e3
2023-01-16 01:00,5.55,6.09,276e3,1.22e3
2023-01-16 02:00,7.10,7.27,504e3,647
2023-01-16 03:00,10.09,7.36,702e3,525
2023-01-16 04:00,11.21,7.72,690e3,573
2023-01-16 05:00,8.56,7.27,585e3,646
2023-01-16 06:00,7.89,7.30,469e3,843
2023-01-16 07:00,9.35,7.18,575e3,628
2023-01-16 08:00,9.08,7.36,577e3,698
2023-01-16 09:00,9.80,7.40,579e3,809
2023-01-16 10:00,10.61,7.46,622e3,810
2023-01-16 11:00,10.53,7.15,642e3,813
2023-01-16 12:00,8.20,7.34,528e3,896
2023-01-16 13:00,5.16,6.68,383e3,916
2023-01-16 14:00,5.45,6.91,353e3,1.09e3
2023-01-16 15:00,6.48,7.03,343e3,1.2e3
2023-01-16 16:00,4.15,6.99,248e3,1.52e3
2023-01-16 17:00,3.46,6.88,249e3,1.3e3
2023-01-16 18:00,3.35,6.92,212e3,1.63e3
2023-01-16 19:00,2.31,6.44,179e3,1.65e3
2023-01-16 20:00,2.06,6.40,143e3,1.93e3
2023-01-16 21:00,2.95,6.00,152e3,1.89e3
2023-01-16 22:00,2.93,6.33,138e3,2.13e3
2023-01-16 23:00,3.01,6.47,192e3,1.55e3
2023-01-17 00:00,3.32,7.04,261e3,1.19e3
2023-01-17 01:00,4.61,6.99,264e3,1.16e3
2023-01-17 02:00,7.25,7.50,455e3,757
2023-01-17 03:00,9.38,7.62,674e3,551
2023-01-17 04:00,10.85,7.94,653e3,606
2023-01-17 05:00,9.41,7.80,595e3,644
2023-01-17 06:00,8.08,7.78,469e3,905
2023-01-17 07:00,9.87,7.65,595e3,660
2023-01-17 08:00,10.19,8.11,596e3,678
2023-01-17 09:00,11.09,8.10,637e3,719
2023-01-17 10:00,12.85,8.20,729e3,681
2023-01-17 11:00,12.87,7.94,784e3,642
2023-01-17 12:00,10.63,8.07,710e3,812
2023-01-17 13:00,8.84,7.75,572e3,832
2023-01-17 14:00,7.73,7.99,491e3,794
2023-01-17 15:00,8.14,8.12,542e3,772
2023-01-17 16:00,6.61,7.78,484e3,818
2023-01-17 17:00,6.05,7.92,374e3,920
2023-01-17 18:00,5.87,8.29,301e3,1.24e3
2023-01-17 19:00,5.24,7.74,261e3,1.27e3
2023-01-17 20:00,3.60,7.38,221e3,1.39e3
2023-01-17 21:00,3.98,6.58,197e3,1.53e3
2023-01-17 22:00,3.73,6.39,169e3,1.71e3
2023-01-17 23:00,3.20,6.85,204e3,1.36e3
2023-01-18 00:00,5.07,6.93,292e3,1.05e3
2023-01-18 01:00,4.65,7.19,251e3,1.23e3
2023-01-18 02:00,7.25,8.08,489e3,657
2023-01-18 03:00,9.75,8.14,664e3,537
2023-01-18 04:00,9.37,8.07,617e3,627
2023-01-18 05:00,8.98,7.56,838e3,435
2023-01-18 06:00,8.40,7.41,824e3,483
2023-01-18 07:00,10.11,7.39,697e3,528
2023-01-18 08:00,10.11,7.45,605e3,642
2023-01-18 09:00,9.95,7.69,647e3,697
2023-01-18 10:00,10.66,7.97,643e3,825
2023-01-18 11:00,12.04,7.71,791e3,675
2023-01-18 12:00,11.80,8.20,687e3,887
2023-01-18 13:00,8.11,8.25,521e3,858
2023-01-18 14:00,6.62,8.11,470e3,919
2023-01-18 15:00,7.43,7.90,456e3,952
2023-01-18 16:00,5.77,7.99,361e3,1.18e3
2023-01-18 17:00,4.98,7.62,386e3,974
2023-01-18 18:00,5.44,7.51,384e3,1.04e3
2023-01-18 19:00,4.67,6.86,263e3,1.22e3
2023-01-18 20:00,4.69,6.71,252e3,1.32e3
2023-01-18 21:00,3.69,6.61,205e3,1.48e3
2023-01-18 22:00,3.38,6.78,172e3,1.76e3
2023-01-18 23:00,4.57,6.69,273e3,1.07e3
2023-01-19 00:00,3.90,7.34,318e3,1e3
2023-01-19 01:00,4.63,7.03,242e3,1.36e3
2023-01-19 02:00,6.75,8.05,519e3,657
2023-01-19 03:00,10.25,8.11,661e3,594
2023-01-19 04:00,10.92,8.15,657e3,660
2023-01-19 05:00,9.33,8.17,650e3,597
2023-01-19 06:00,7.93,8.14,489e3,801
2023-01-19 07:00,9.51,8.26,584e3,675
2023-01-19 08:00,10.71,8.10,602e3,715
2023-01-19 09:00,10.02,8.06,655e3,782
2023-01-19 10:00,9.69,8.08,654e3,804
2023-01-19 11:00,11.77,8.18,715e3,774
2023-01-19 12:00,10.90,8.17,634e3,950
2023-01-19 13:00,7.42,7.93,530e3,823
2023-01-19 14:00,6.98,8.34,440e3,1.03e3
2023-01-19 15:00,6.64,8.49,433e3,1.01e3
2023-01-19 16:00,5.28,8.24,334e3,1.2e3
2023-01-19 17:00,4.83,8.20,335e3,1.13e3
2023-01-19 18:00,4.92,8.33,278e3,1.28e3
2023-01-19 19:00,4.74,7.61,266e3,1.29e3
2023-01-19 20:00,4.04,7.56,214e3,1.55e3
2023-01-19 21:00,4.12,6.79,180e3,1.73e3
2023-01-19 22:00,3.21,7.05,150e3,2.07e3
2023-01-19 23:00,3.58,6.75,189e3,1.6e3
2023-01-20 00:00,4.15,5.87,245e3,1.28e3
2023-01-20 01:00,4.21,5.95,219e3,1.39e3
2023-01-20 02:00,6.39,6.75,462e3,683
2023-01-20 03:00,8.11,6.92,615e3,561
2023-01-20 04:00,8.84,6.77,604e3,604
2023-01-20 05:00,8.19,6.35,570e3,578
2023-01-20 06:00,6.62,7.08,405e3,929
2023-01-20 07:00,7.89,7.25,493e3,713
2023-01-20 08:00,8.27,7.36,487e3,758
2023-01-20 09:00,11.07,7.43,609e3,833
2023-01-20 10:00,10.85,7.27,631e3,817
2023-01-20 11:00,10.83,7.61,620e3,789
2023-01-20 12:00,9.17,7.21,549e3,936
2023-01-20 13:00,6.40,7.18,229e3,940